Plant,Promoter,Conc,Day,RFP,Norm_RFP,RFP_log
Tobacco,Control,None,1,582,181,7.499845887083206
Tobacco,Control,None,1,423,22,4.459431618637297
Tobacco,Control,None,1,386,-15,
Tobacco,Control,None,1,383,-18,
Tobacco,Control,None,1,481,80,6.321928094887363
Tobacco,Control,None,1,384,-17,
Tobacco,Control,None,1,489,88,6.459431618637297
Tobacco,Control,None,1,499,98,6.614709844115208
Tobacco,Control,None,1,395,-6,
Tobacco,CuO,None,1,694,293,8.194756854422248
Tobacco,CuO,None,1,804,403,8.654636028527968
Tobacco,CuO,None,1,516,115,6.845490050944375
Tobacco,CuO,Medium,1,412,11,3.4594316186372973
Tobacco,CuO,Medium,1,439,38,5.247927513443585
Tobacco,CuO,Medium,1,581,180,7.491853096329675
Tobacco,CuO,High,1,967,566,9.144658242831882
Tobacco,CuO,High,1,1325,924,9.851749041416058
Tobacco,CuO,High,1,1087,686,9.422064766172813
Tobacco,Jungle Express,None,1,490,89,6.475733430966398
Tobacco,Jungle Express,None,1,435,34,5.087462841250339
Tobacco,Jungle Express,None,1,503,102,6.672425341971495
Tobacco,Jungle Express,Medium,1,567,166,7.3750394313469245
Tobacco,Jungle Express,Medium,1,575,174,7.442943495848728
Tobacco,Jungle Express,Medium,1,493,92,6.523561956057013
Tobacco,Jungle Express,High,1,666,265,8.049848549450562
Tobacco,Jungle Express,High,1,592,191,7.577428828035749
Tobacco,Jungle Express,High,1,679,278,8.118941072723507
Tobacco,TetR,None,1,590,189,7.562242424221073
Tobacco,TetR,None,1,558,157,7.294620748891627
Tobacco,TetR,None,1,667,266,8.055282435501189
Tobacco,TetR,Medium,1,1100,699,9.449148645375436
Tobacco,TetR,Medium,1,1131,730,9.51175265376738
Tobacco,TetR,Medium,1,1044,643,9.328674927327947
Tobacco,TetR,High,1,1533,1132,10.144658242831882
Tobacco,TetR,High,1,1456,1055,10.043027283594547
Tobacco,TetR,High,1,1080,679,9.407267764244732
Tobacco,LacI,None,1,1234,833,9.702172685365548
Tobacco,LacI,None,1,851,450,8.813781191217037
Tobacco,LacI,None,1,937,536,9.066089190457772
Tobacco,LacI,Medium,1,2503,2102,11.037546953962178
Tobacco,LacI,Medium,1,6711,6310,12.623424289869911
Tobacco,LacI,Medium,1,4316,3915,11.934796592178403
Tobacco,LacI,High,1,5644,5243,12.356176830516356
Tobacco,LacI,High,1,6840,6439,12.652620934638165
Tobacco,LacI,High,1,6296,5895,12.525276097867126
Tobacco,NahR,None,1,766,365,8.51175265376738
Tobacco,NahR,None,1,373,-28,
Tobacco,NahR,None,1,691,290,8.179909090014934
Tobacco,NahR,Medium,1,2043,1642,10.681238411777805
Tobacco,NahR,Medium,1,2030,1629,10.669770888525518
Tobacco,NahR,Medium,1,1885,1484,10.535275376620802
Tobacco,NahR,High,1,4283,3882,11.922584402713664
Tobacco,NahR,High,1,3398,2997,11.549303368513575
Tobacco,NahR,High,1,3961,3560,11.79766152585376
Tobacco,Control,None,3,581,180,7.491853096329675
Tobacco,Control,None,3,431,30,4.906890595608519
Tobacco,Control,None,3,566,165,7.366322214245816
Tobacco,Control,None,3,454,53,5.727920454563199
Tobacco,Control,None,3,465,64,6.0
Tobacco,Control,None,3,510,109,6.768184324776926
Tobacco,Control,None,3,587,186,7.539158811108031
Tobacco,Control,None,3,466,65,6.022367813028454
Tobacco,Control,None,3,382,-19,
Tobacco,CuO,None,3,456,55,5.78135971352466
Tobacco,CuO,None,3,410,9,3.169925001442312
Tobacco,CuO,None,3,388,-13,
Tobacco,CuO,Medium,3,456,55,5.78135971352466
Tobacco,CuO,Medium,3,506,105,6.714245517666122
Tobacco,CuO,Medium,3,441,40,5.321928094887363
Tobacco,CuO,High,3,886,485,8.92184093707449
Tobacco,CuO,High,3,960,559,9.12670447284319
Tobacco,CuO,High,3,670,269,8.071462362556623
Tobacco,Jungle Express,None,3,582,181,7.499845887083206
Tobacco,Jungle Express,None,3,536,135,7.076815597050831
Tobacco,Jungle Express,None,3,440,39,5.285402218862249
Tobacco,Jungle Express,Medium,3,545,144,7.169925001442312
Tobacco,Jungle Express,Medium,3,527,126,6.977279923499917
Tobacco,Jungle Express,Medium,3,719,318,8.312882955284355
Tobacco,Jungle Express,High,3,627,226,7.820178962415188
Tobacco,Jungle Express,High,3,697,296,8.20945336562895
Tobacco,Jungle Express,High,3,724,323,8.335390354693924
Tobacco,TetR,None,3,659,258,8.011227255423254
Tobacco,TetR,None,3,470,69,6.108524456778169
Tobacco,TetR,None,3,484,83,6.3750394313469245
Tobacco,TetR,Medium,3,1375,974,9.927777962082342
Tobacco,TetR,Medium,3,1076,675,9.398743691938193
Tobacco,TetR,Medium,3,1067,666,9.379378367071261
Tobacco,TetR,High,3,1331,930,9.861086905995395
Tobacco,TetR,High,3,1624,1223,10.256208688527387
Tobacco,TetR,High,3,1344,943,9.881113960675096
Tobacco,LacI,None,3,632,231,7.851749041416057
Tobacco,LacI,None,3,705,304,8.247927513443585
Tobacco,LacI,None,3,715,314,8.294620748891626
Tobacco,LacI,Medium,3,2333,1932,10.915879378835774
Tobacco,LacI,Medium,3,5252,4851,12.244066464194818
Tobacco,LacI,Medium,3,3474,3073,11.585432051592962
Tobacco,LacI,High,3,2776,2375,11.213711798105672
Tobacco,LacI,High,3,5646,5245,12.35672705746463
Tobacco,LacI,High,3,6578,6177,12.59269061535341
Tobacco,NahR,None,3,642,241,7.912889336229962
Tobacco,NahR,None,3,937,536,9.066089190457772
Tobacco,NahR,None,3,647,246,7.94251450533924
Tobacco,NahR,Medium,3,2020,1619,10.660887270302567
Tobacco,NahR,Medium,3,2913,2512,11.294620748891626
Tobacco,NahR,Medium,3,1845,1444,10.49585502688717
Tobacco,NahR,High,3,4543,4142,12.016111838220512
Tobacco,NahR,High,3,4687,4286,12.065416134676548
Tobacco,NahR,High,3,3104,2703,11.400345796534694
Tobacco,Control,None,1,438,37,5.20945336562895
Tobacco,Control,None,1,449,48,5.584962500721156
Tobacco,Control,None,1,622,221,7.787902559391432
Tobacco,Control,None,1,516,115,6.845490050944375
Tobacco,Control,None,1,429,28,4.807354922057604
Tobacco,Control,None,1,342,-59,
Tobacco,Control,None,1,375,-26,
Tobacco,Control,None,1,355,-46,
Tobacco,Control,None,1,405,4,2.0
Tobacco,CuO,None,1,631,230,7.845490050944375
Tobacco,CuO,None,1,633,232,7.857980995127572
Tobacco,CuO,None,1,440,39,5.285402218862249
Tobacco,CuO,Medium,1,778,377,8.558420713268664
Tobacco,CuO,Medium,1,375,-26,
Tobacco,CuO,Medium,1,564,163,7.348728154231077
Tobacco,CuO,High,1,788,387,8.59618975614441
Tobacco,CuO,High,1,860,459,8.842350343413807
Tobacco,CuO,High,1,974,573,9.162391328756906
Tobacco,Jungle Express,None,1,477,76,6.247927513443585
Tobacco,Jungle Express,None,1,507,106,6.727920454563199
Tobacco,Jungle Express,None,1,354,-47,
Tobacco,Jungle Express,Medium,1,527,126,6.977279923499917
Tobacco,Jungle Express,Medium,1,540,139,7.118941072723508
Tobacco,Jungle Express,Medium,1,467,66,6.044394119358453
Tobacco,Jungle Express,High,1,558,157,7.294620748891627
Tobacco,Jungle Express,High,1,533,132,7.044394119358453
Tobacco,Jungle Express,High,1,580,179,7.483815777264256
Tobacco,TetR,None,1,541,140,7.129283016944966
Tobacco,TetR,None,1,468,67,6.066089190457772
Tobacco,TetR,None,1,679,278,8.118941072723507
Tobacco,TetR,Medium,1,1087,686,9.422064766172813
Tobacco,TetR,Medium,1,1250,849,9.729620743553038
Tobacco,TetR,Medium,1,2252,1851,10.854089179870574
Tobacco,TetR,High,1,1346,945,9.884170519108435
Tobacco,TetR,High,1,1762,1361,10.410451351503994
Tobacco,TetR,High,1,1749,1348,10.396604781181859
Tobacco,LacI,None,1,537,136,7.087462841250339
Tobacco,LacI,None,1,676,275,8.103287808412022
Tobacco,LacI,None,1,794,393,8.618385502258606
Tobacco,LacI,Medium,1,3685,3284,11.681238411777805
Tobacco,LacI,Medium,1,3766,3365,11.71639078949768
Tobacco,LacI,Medium,1,5218,4817,12.233919208586977
Tobacco,LacI,High,1,4984,4583,12.162076570374312
Tobacco,LacI,High,1,4379,3978,11.957827560833744
Tobacco,LacI,High,1,6189,5788,12.498849206531725
Tobacco,NahR,None,1,866,465,8.861086905995395
Tobacco,NahR,None,1,612,211,7.721099188707185
Tobacco,NahR,None,1,715,314,8.294620748891626
Tobacco,NahR,Medium,1,1523,1122,10.131856960608793
Tobacco,NahR,Medium,1,1936,1535,10.584022940257542
Tobacco,NahR,Medium,1,2406,2005,10.969386521342283
Tobacco,NahR,High,1,6330,5929,12.533573081389802
Tobacco,NahR,High,1,3415,3014,11.557463701597824
Tobacco,NahR,High,1,4679,4278,12.062720767165045
Tobacco,Control,None,3,545,144,7.169925001442312
Tobacco,Control,None,3,488,87,6.442943495848728
Tobacco,Control,None,3,701,300,8.228818690495881
Tobacco,Control,None,3,465,64,6.0
Tobacco,Control,None,3,435,34,5.087462841250339
Tobacco,Control,None,3,303,-98,
Tobacco,Control,None,3,442,41,5.357552004618084
Tobacco,Control,None,3,320,-81,
Tobacco,Control,None,3,413,12,3.584962500721156
Tobacco,CuO,None,3,348,-53,
Tobacco,CuO,None,3,527,126,6.977279923499917
Tobacco,CuO,None,3,498,97,6.599912842187128
Tobacco,CuO,Medium,3,727,326,8.348728154231077
Tobacco,CuO,Medium,3,551,150,7.22881869049588
Tobacco,CuO,Medium,3,422,21,4.392317422778761
Tobacco,CuO,High,3,646,245,7.936637939002571
Tobacco,CuO,High,3,1142,741,9.533329732305834
Tobacco,CuO,High,3,756,355,8.471675214392045
Tobacco,Jungle Express,None,3,668,267,8.060695931687555
Tobacco,Jungle Express,None,3,504,103,6.6865005271832185
Tobacco,Jungle Express,None,3,330,-71,
Tobacco,Jungle Express,Medium,3,731,330,8.366322214245816
Tobacco,Jungle Express,Medium,3,638,237,7.888743248898259
Tobacco,Jungle Express,Medium,3,674,273,8.092757140919852
Tobacco,Jungle Express,High,3,668,267,8.060695931687555
Tobacco,Jungle Express,High,3,559,158,7.303780748177103
Tobacco,Jungle Express,High,3,686,285,8.154818109052105
Tobacco,TetR,None,3,701,300,8.228818690495881
Tobacco,TetR,None,3,434,33,5.044394119358453
Tobacco,TetR,None,3,503,102,6.672425341971495
Tobacco,TetR,Medium,3,1295,894,9.804131021183318
Tobacco,TetR,Medium,3,671,270,8.076815597050832
Tobacco,TetR,Medium,3,1037,636,9.312882955284355
Tobacco,TetR,High,3,1639,1238,10.273795599214264
Tobacco,TetR,High,3,1379,978,9.933690654952233
Tobacco,TetR,High,3,1408,1007,9.975847968006784
Tobacco,LacI,None,3,637,236,7.882643049361842
Tobacco,LacI,None,3,921,520,9.022367813028454
Tobacco,LacI,None,3,708,307,8.262094845370179
Tobacco,LacI,Medium,3,3505,3104,11.599912842187127
Tobacco,LacI,Medium,3,5343,4942,12.270879295328784
Tobacco,LacI,Medium,3,3637,3236,11.659995892429977
Tobacco,LacI,High,3,7923,7522,12.876900591040306
Tobacco,LacI,High,3,6684,6283,12.617237864746105
Tobacco,LacI,High,3,7754,7353,12.844117269587995
Tobacco,NahR,None,3,711,310,8.276124405274238
Tobacco,NahR,None,3,548,147,7.199672344836364
Tobacco,NahR,None,3,706,305,8.252665432450248
Tobacco,NahR,Medium,3,1479,1078,10.074141462752506
Tobacco,NahR,Medium,3,1956,1555,10.602698865017965
Tobacco,NahR,Medium,3,1470,1069,10.06204613772049
Tobacco,NahR,High,3,3928,3527,11.784225860426252
Tobacco,NahR,High,3,5312,4911,12.261801107195309
Tobacco,NahR,High,3,3958,3557,11.79644525906185
Tobacco,Control,None,1,446,45,5.491853096329675
Tobacco,Control,None,1,562,161,7.330916878114617
Tobacco,Control,None,1,504,103,6.6865005271832185
Tobacco,Control,None,1,505,104,6.700439718141092
Tobacco,Control,None,1,319,-82,
Tobacco,Control,None,1,339,-62,
Tobacco,Control,None,1,505,104,6.700439718141092
Tobacco,Control,None,1,330,-71,
Tobacco,Control,None,1,518,117,6.870364719583405
Tobacco,CuO,None,1,471,70,6.129283016944966
Tobacco,CuO,None,1,493,92,6.523561956057013
Tobacco,CuO,None,1,400,-1,
Tobacco,CuO,Medium,1,755,354,8.467605550082997
Tobacco,CuO,Medium,1,616,215,7.7481928495894605
Tobacco,CuO,Medium,1,303,-98,
Tobacco,CuO,High,1,986,585,9.192292814470767
Tobacco,CuO,High,1,1037,636,9.312882955284355
Tobacco,CuO,High,1,1028,627,9.29232163280204
Tobacco,Jungle Express,None,1,474,73,6.189824558880018
Tobacco,Jungle Express,None,1,555,154,7.266786540694901
Tobacco,Jungle Express,None,1,480,79,6.303780748177103
Tobacco,Jungle Express,Medium,1,556,155,7.2761244052742375
Tobacco,Jungle Express,Medium,1,510,109,6.768184324776926
Tobacco,Jungle Express,Medium,1,656,255,7.994353436858858
Tobacco,Jungle Express,High,1,440,39,5.285402218862249
Tobacco,Jungle Express,High,1,527,126,6.977279923499917
Tobacco,Jungle Express,High,1,581,180,7.491853096329675
Tobacco,TetR,None,1,436,35,5.129283016944966
Tobacco,TetR,None,1,413,12,3.584962500721156
Tobacco,TetR,None,1,664,263,8.038918989292302
Tobacco,TetR,Medium,1,957,556,9.118941072723507
Tobacco,TetR,Medium,1,1014,613,9.259743263690781
Tobacco,TetR,Medium,1,723,322,8.330916878114618
Tobacco,TetR,High,1,1576,1175,10.198445041452363
Tobacco,TetR,High,1,1267,866,9.758223214726724
Tobacco,TetR,High,1,1685,1284,10.326429487122303
Tobacco,LacI,None,1,734,333,8.379378367071261
Tobacco,LacI,None,1,863,462,8.851749041416058
Tobacco,LacI,None,1,920,519,9.019590728357882
Tobacco,LacI,Medium,1,1908,1507,10.557463701597824
Tobacco,LacI,Medium,1,4899,4498,12.135067945777816
Tobacco,LacI,Medium,1,3810,3409,11.735132884139947
Tobacco,LacI,High,1,4828,4427,12.112113658097865
Tobacco,LacI,High,1,6834,6433,12.651275973346639
Tobacco,LacI,High,1,7648,7247,12.82316817898474
Tobacco,NahR,None,1,528,127,6.9886846867721655
Tobacco,NahR,None,1,439,38,5.247927513443585
Tobacco,NahR,None,1,682,281,8.134426320220927
Tobacco,NahR,Medium,1,1688,1287,10.329796338220701
Tobacco,NahR,Medium,1,1372,971,9.923327485419192
Tobacco,NahR,Medium,1,1392,991,9.952741247186488
Tobacco,NahR,High,1,3403,3002,11.55170826162069
Tobacco,NahR,High,1,4015,3614,11.8193807908646
Tobacco,NahR,High,1,4493,4092,11.99859042974533
Tobacco,Control,None,3,433,32,5.0
Tobacco,Control,None,3,716,315,8.29920801838728
Tobacco,Control,None,3,370,-31,
Tobacco,Control,None,3,447,46,5.523561956057013
Tobacco,Control,None,3,748,347,8.43879185257826
Tobacco,Control,None,3,504,103,6.6865005271832185
Tobacco,Control,None,3,365,-36,
Tobacco,Control,None,3,489,88,6.459431618637297
Tobacco,Control,None,3,507,106,6.727920454563199
Tobacco,CuO,None,3,373,-28,
Tobacco,CuO,None,3,429,28,4.807354922057604
Tobacco,CuO,None,3,458,57,5.832890014164741
Tobacco,CuO,Medium,3,577,176,7.459431618637297
Tobacco,CuO,Medium,3,468,67,6.066089190457772
Tobacco,CuO,Medium,3,353,-48,
Tobacco,CuO,High,3,969,568,9.149747119504681
Tobacco,CuO,High,3,816,415,8.696967526234287
Tobacco,CuO,High,3,699,298,8.219168520462162
Tobacco,Jungle Express,None,3,526,125,6.965784284662087
Tobacco,Jungle Express,None,3,540,139,7.118941072723508
Tobacco,Jungle Express,None,3,349,-52,
Tobacco,Jungle Express,Medium,3,714,313,8.290018846932618
Tobacco,Jungle Express,Medium,3,570,169,7.400879436282184
Tobacco,Jungle Express,Medium,3,564,163,7.348728154231077
Tobacco,Jungle Express,High,3,819,418,8.707359132080883
Tobacco,Jungle Express,High,3,680,279,8.124121311829187
Tobacco,Jungle Express,High,3,825,424,8.727920454563199
Tobacco,TetR,None,3,617,216,7.754887502163468
Tobacco,TetR,None,3,344,-57,
Tobacco,TetR,None,3,436,35,5.129283016944966
Tobacco,TetR,Medium,3,1519,1118,10.12670447284319
Tobacco,TetR,Medium,3,983,582,9.184875342908283
Tobacco,TetR,Medium,3,1139,738,9.527477006060396
Tobacco,TetR,High,3,1250,849,9.729620743553038
Tobacco,TetR,High,3,1988,1587,10.632086412835182
Tobacco,TetR,High,3,1127,726,9.50382573799575
Tobacco,LacI,None,3,667,266,8.055282435501189
Tobacco,LacI,None,3,794,393,8.618385502258606
Tobacco,LacI,None,3,669,268,8.066089190457772
Tobacco,LacI,Medium,3,3587,3186,11.63753055152531
Tobacco,LacI,Medium,3,7204,6803,12.731955373771934
Tobacco,LacI,Medium,3,4430,4029,11.9762060901486
Tobacco,LacI,High,3,8262,7861,12.940497134458205
Tobacco,LacI,High,3,7174,6773,12.7255792804196
Tobacco,LacI,High,3,7555,7154,12.804534402995225
Tobacco,NahR,None,3,549,148,7.20945336562895
Tobacco,NahR,None,3,582,181,7.499845887083206
Tobacco,NahR,None,3,614,213,7.734709620225838
Tobacco,NahR,Medium,3,1576,1175,10.198445041452363
Tobacco,NahR,Medium,3,3862,3461,11.756973226165448
Tobacco,NahR,Medium,3,1928,1527,10.576484346796851
Tobacco,NahR,High,3,6198,5797,12.501090770274512
Tobacco,NahR,High,3,3366,2965,11.533816389433365
Tobacco,NahR,High,3,3503,3102,11.59898297103609
Tobacco,Control,None,1,334,-67,
Tobacco,Control,None,1,517,116,6.857980995127572
Tobacco,Control,None,1,509,108,6.754887502163468
Tobacco,Control,None,1,595,194,7.599912842187128
Tobacco,Control,None,1,495,94,6.554588851677638
Tobacco,Control,None,1,602,201,7.651051691178929
Tobacco,Control,None,1,380,-21,
Tobacco,Control,None,1,472,71,6.149747119504682
Tobacco,Control,None,1,416,15,3.9068905956085187
Tobacco,CuO,None,1,477,76,6.247927513443585
Tobacco,CuO,None,1,630,229,7.839203788096944
Tobacco,CuO,None,1,438,37,5.20945336562895
Tobacco,CuO,Medium,1,728,327,8.353146825498083
Tobacco,CuO,Medium,1,380,-21,
Tobacco,CuO,Medium,1,698,297,8.214319120800766
Tobacco,CuO,High,1,1237,836,9.707359132080883
Tobacco,CuO,High,1,1409,1008,9.977279923499916
Tobacco,CuO,High,1,1203,802,9.64745842645492
Tobacco,Jungle Express,None,1,565,164,7.357552004618084
Tobacco,Jungle Express,None,1,527,126,6.977279923499917
Tobacco,Jungle Express,None,1,567,166,7.3750394313469245
Tobacco,Jungle Express,Medium,1,583,182,7.507794640198696
Tobacco,Jungle Express,Medium,1,365,-36,
Tobacco,Jungle Express,Medium,1,545,144,7.169925001442312
Tobacco,Jungle Express,High,1,615,214,7.741466986401147
Tobacco,Jungle Express,High,1,547,146,7.189824558880018
Tobacco,Jungle Express,High,1,828,427,8.73809225962049
Tobacco,TetR,None,1,603,202,7.658211482751795
Tobacco,TetR,None,1,676,275,8.103287808412022
Tobacco,TetR,None,1,521,120,6.906890595608519
Tobacco,TetR,Medium,1,865,464,8.857980995127573
Tobacco,TetR,Medium,1,840,439,8.778077129535358
Tobacco,TetR,Medium,1,957,556,9.118941072723507
Tobacco,TetR,High,1,1397,996,9.960001932068081
Tobacco,TetR,High,1,1723,1322,10.368506461507693
Tobacco,TetR,High,1,1397,996,9.960001932068081
Tobacco,LacI,None,1,675,274,8.098032082960527
Tobacco,LacI,None,1,790,389,8.603626344986193
Tobacco,LacI,None,1,862,461,8.848622940429339
Tobacco,LacI,Medium,1,2310,1909,10.898601387403938
Tobacco,LacI,Medium,1,3617,3216,11.651051691178928
Tobacco,LacI,Medium,1,2459,2058,11.007027266893969
Tobacco,LacI,High,1,6629,6228,12.604553229079038
Tobacco,LacI,High,1,6689,6288,12.618385502258606
Tobacco,LacI,High,1,6556,6155,12.58754314137182
Tobacco,NahR,None,1,754,353,8.46352437327118
Tobacco,NahR,None,1,743,342,8.417852514885897
Tobacco,NahR,None,1,1150,749,9.54882190845875
Tobacco,NahR,Medium,1,1672,1271,10.311748315004959
Tobacco,NahR,Medium,1,1917,1516,10.566054038171092
Tobacco,NahR,Medium,1,1135,734,9.519636252843213
Tobacco,NahR,High,1,3662,3261,11.671098725748465
Tobacco,NahR,High,1,4335,3934,11.94178124227853
Tobacco,NahR,High,1,5320,4919,12.264149339723328
Tobacco,Control,None,3,348,-53,
Tobacco,Control,None,3,478,77,6.266786540694901
Tobacco,Control,None,3,392,-9,
Tobacco,Control,None,3,513,112,6.807354922057604
Tobacco,Control,None,3,550,149,7.219168520462161
Tobacco,Control,None,3,345,-56,
Tobacco,Control,None,3,511,110,6.78135971352466
Tobacco,Control,None,3,426,25,4.643856189774724
Tobacco,Control,None,3,350,-51,
Tobacco,CuO,None,3,373,-28,
Tobacco,CuO,None,3,430,29,4.857980995127572
Tobacco,CuO,None,3,394,-7,
Tobacco,CuO,Medium,3,642,241,7.912889336229962
Tobacco,CuO,Medium,3,419,18,4.169925001442312
Tobacco,CuO,Medium,3,420,19,4.247927513443585
Tobacco,CuO,High,3,840,439,8.778077129535358
Tobacco,CuO,High,3,916,515,9.00842862207058
Tobacco,CuO,High,3,912,511,8.997179480937621
Tobacco,Jungle Express,None,3,601,200,7.643856189774724
Tobacco,Jungle Express,None,3,491,90,6.491853096329675
Tobacco,Jungle Express,None,3,408,7,2.807354922057604
Tobacco,Jungle Express,Medium,3,511,110,6.78135971352466
Tobacco,Jungle Express,Medium,3,612,211,7.721099188707185
Tobacco,Jungle Express,Medium,3,460,59,5.882643049361842
Tobacco,Jungle Express,High,3,687,286,8.159871336778389
Tobacco,Jungle Express,High,3,646,245,7.936637939002571
Tobacco,Jungle Express,High,3,622,221,7.787902559391432
Tobacco,TetR,None,3,554,153,7.257387842692652
Tobacco,TetR,None,3,625,224,7.807354922057604
Tobacco,TetR,None,3,539,138,7.108524456778169
Tobacco,TetR,Medium,3,950,549,9.100662339005199
Tobacco,TetR,Medium,3,853,452,8.820178962415188
Tobacco,TetR,Medium,3,839,438,8.774787059601174
Tobacco,TetR,High,3,1570,1169,10.191059214531656
Tobacco,TetR,High,3,1778,1377,10.427312844134963
Tobacco,TetR,High,3,1569,1168,10.189824558880018
Tobacco,LacI,None,3,727,326,8.348728154231077
Tobacco,LacI,None,3,1192,791,9.627533884472792
Tobacco,LacI,None,3,759,358,8.483815777264256
Tobacco,LacI,Medium,3,2571,2170,11.083479327331842
Tobacco,LacI,Medium,3,7119,6718,12.713816080234498
Tobacco,LacI,Medium,3,5354,4953,12.274086905634414
Tobacco,LacI,High,3,8708,8307,13.020111839088086
Tobacco,LacI,High,3,6825,6424,12.649256177517314
Tobacco,LacI,High,3,8963,8562,13.063732120196919
Tobacco,NahR,None,3,1248,847,9.726218159332198
Tobacco,NahR,None,3,1060,659,9.364134655008051
Tobacco,NahR,None,3,747,346,8.434628227636725
Tobacco,NahR,Medium,3,1754,1353,10.401946123976536
Tobacco,NahR,Medium,3,2304,1903,10.894059846274022
Tobacco,NahR,Medium,3,1942,1541,10.589651146514786
Tobacco,NahR,High,3,3504,3103,11.59944798152872
Tobacco,NahR,High,3,9393,8992,13.134426320220927
Tobacco,NahR,High,3,3721,3320,11.696967526234287
Tobacco,Control,None,1,501,100,6.643856189774724
Tobacco,Control,None,1,499,98,6.614709844115208
Tobacco,Control,None,1,625,224,7.807354922057604
Tobacco,Control,None,1,479,78,6.285402218862249
Tobacco,Control,None,1,518,117,6.870364719583405
Tobacco,Control,None,1,373,-28,
Tobacco,Control,None,1,257,-144,
Tobacco,Control,None,1,463,62,5.954196310386875
Tobacco,Control,None,1,367,-34,
Tobacco,CuO,None,1,651,250,7.965784284662087
Tobacco,CuO,None,1,355,-46,
Tobacco,CuO,None,1,669,268,8.066089190457772
Tobacco,CuO,Medium,1,411,10,3.321928094887362
Tobacco,CuO,Medium,1,281,-120,
Tobacco,CuO,Medium,1,643,242,7.918863237274595
Tobacco,CuO,High,1,1278,877,9.776433032444734
Tobacco,CuO,High,1,635,234,7.870364719583405
Tobacco,CuO,High,1,1174,773,9.594324603924848
Tobacco,Jungle Express,None,1,782,381,8.573647187493322
Tobacco,Jungle Express,None,1,600,199,7.636624620543649
Tobacco,Jungle Express,None,1,616,215,7.7481928495894605
Tobacco,Jungle Express,Medium,1,460,59,5.882643049361842
Tobacco,Jungle Express,Medium,1,548,147,7.199672344836364
Tobacco,Jungle Express,Medium,1,475,74,6.20945336562895
Tobacco,Jungle Express,High,1,699,298,8.219168520462162
Tobacco,Jungle Express,High,1,503,102,6.672425341971495
Tobacco,Jungle Express,High,1,693,292,8.189824558880018
Tobacco,TetR,None,1,583,182,7.507794640198696
Tobacco,TetR,None,1,597,196,7.614709844115208
Tobacco,TetR,None,1,529,128,7.0
Tobacco,TetR,Medium,1,1100,699,9.449148645375436
Tobacco,TetR,Medium,1,1118,717,9.485829308701904
Tobacco,TetR,Medium,1,1009,608,9.247927513443585
Tobacco,TetR,High,1,1983,1582,10.627533884472792
Tobacco,TetR,High,1,1531,1130,10.14210705730255
Tobacco,TetR,High,1,1383,982,9.939579214314692
Tobacco,LacI,None,1,628,227,7.826548487290915
Tobacco,LacI,None,1,743,342,8.417852514885897
Tobacco,LacI,None,1,926,525,9.036173612553485
Tobacco,LacI,Medium,1,2525,2124,11.052568050804153
Tobacco,LacI,Medium,1,4281,3880,11.92184093707449
Tobacco,LacI,Medium,1,3029,2628,11.35974956032233
Tobacco,LacI,High,1,6591,6190,12.595723694101627
Tobacco,LacI,High,1,4824,4423,12.110809526898654
Tobacco,LacI,High,1,6184,5783,12.49760238678349
Tobacco,NahR,None,1,512,111,6.794415866350106
Tobacco,NahR,None,1,403,2,1.0
Tobacco,NahR,None,1,888,487,8.927777962082342
Tobacco,NahR,Medium,1,1470,1069,10.06204613772049
Tobacco,NahR,Medium,1,1544,1143,10.158609688214478
Tobacco,NahR,Medium,1,1523,1122,10.131856960608793
Tobacco,NahR,High,1,2736,2335,11.189206834597025
Tobacco,NahR,High,1,3822,3421,11.7402023887679
Tobacco,NahR,High,1,3791,3390,11.727069558023706
Tobacco,Control,None,3,494,93,6.539158811108031
Tobacco,Control,None,3,410,9,3.169925001442312
Tobacco,Control,None,3,385,-16,
Tobacco,Control,None,3,461,60,5.906890595608519
Tobacco,Control,None,3,399,-2,
Tobacco,Control,None,3,375,-26,
Tobacco,Control,None,3,315,-86,
Tobacco,Control,None,3,536,135,7.076815597050831
Tobacco,Control,None,3,307,-94,
Tobacco,CuO,None,3,369,-32,
Tobacco,CuO,None,3,365,-36,
Tobacco,CuO,None,3,442,41,5.357552004618084
Tobacco,CuO,Medium,3,696,295,8.204571144249204
Tobacco,CuO,Medium,3,481,80,6.321928094887363
Tobacco,CuO,Medium,3,545,144,7.169925001442312
Tobacco,CuO,High,3,616,215,7.7481928495894605
Tobacco,CuO,High,3,1037,636,9.312882955284355
Tobacco,CuO,High,3,635,234,7.870364719583405
Tobacco,Jungle Express,None,3,608,207,7.693486957499325
Tobacco,Jungle Express,None,3,564,163,7.348728154231077
Tobacco,Jungle Express,None,3,366,-35,
Tobacco,Jungle Express,Medium,3,585,184,7.523561956057013
Tobacco,Jungle Express,Medium,3,692,291,8.184875342908283
Tobacco,Jungle Express,Medium,3,596,195,7.60733031374961
Tobacco,Jungle Express,High,3,690,289,8.174925682500678
Tobacco,Jungle Express,High,3,678,277,8.113742166049189
Tobacco,Jungle Express,High,3,625,224,7.807354922057604
Tobacco,TetR,None,3,493,92,6.523561956057013
Tobacco,TetR,None,3,396,-5,
Tobacco,TetR,None,3,479,78,6.285402218862249
Tobacco,TetR,Medium,3,1381,980,9.936637939002571
Tobacco,TetR,Medium,3,939,538,9.071462362556623
Tobacco,TetR,Medium,3,842,441,8.784634845557521
Tobacco,TetR,High,3,1378,977,9.932214751968385
Tobacco,TetR,High,3,1406,1005,9.972979786066292
Tobacco,TetR,High,3,1492,1091,10.091435386323607
Tobacco,LacI,None,3,868,467,8.867278739709661
Tobacco,LacI,None,3,1905,1504,10.554588851677638
Tobacco,LacI,None,3,750,349,8.447083226209653
Tobacco,LacI,Medium,3,2505,2104,11.038918989292302
Tobacco,LacI,Medium,3,5874,5473,12.418116141207488
Tobacco,LacI,Medium,3,6057,5656,12.4655664048094
Tobacco,LacI,High,3,6362,5961,12.541338657970826
Tobacco,LacI,High,3,6410,6009,12.552909206533863
Tobacco,LacI,High,3,8878,8477,13.049338071751933
Tobacco,NahR,None,3,748,347,8.43879185257826
Tobacco,NahR,None,3,1141,740,9.531381460516313
Tobacco,NahR,None,3,545,144,7.169925001442312
Tobacco,NahR,Medium,3,1781,1380,10.430452551665532
Tobacco,NahR,Medium,3,2861,2460,11.264442600226602
Tobacco,NahR,Medium,3,1773,1372,10.422064766172813
Tobacco,NahR,High,3,3952,3551,11.79400964502097
Tobacco,NahR,High,3,5209,4808,12.231221180711186
Tobacco,NahR,High,3,3678,3277,11.67815995754276
Tobacco,Control,None,1,592,191,7.577428828035749
Tobacco,Control,None,1,450,49,5.614709844115208
Tobacco,Control,None,1,560,159,7.312882955284356
Tobacco,Control,None,1,524,123,6.94251450533924
Tobacco,Control,None,1,612,211,7.721099188707185
Tobacco,Control,None,1,399,-2,
Tobacco,Control,None,1,640,239,7.900866807980749
Tobacco,Control,None,1,690,289,8.174925682500678
Tobacco,Control,None,1,313,-88,
Tobacco,CuO,None,1,341,-60,
Tobacco,CuO,None,1,463,62,5.954196310386875
Tobacco,CuO,None,1,504,103,6.6865005271832185
Tobacco,CuO,Medium,1,438,37,5.20945336562895
Tobacco,CuO,Medium,1,382,-19,
Tobacco,CuO,Medium,1,377,-24,
Tobacco,CuO,High,1,829,428,8.741466986401146
Tobacco,CuO,High,1,1168,767,9.583082767502933
Tobacco,CuO,High,1,913,512,9.0
Tobacco,Jungle Express,None,1,524,123,6.94251450533924
Tobacco,Jungle Express,None,1,550,149,7.219168520462161
Tobacco,Jungle Express,None,1,637,236,7.882643049361842
Tobacco,Jungle Express,Medium,1,486,85,6.409390936137702
Tobacco,Jungle Express,Medium,1,680,279,8.124121311829187
Tobacco,Jungle Express,Medium,1,588,187,7.546894459887636
Tobacco,Jungle Express,High,1,440,39,5.285402218862249
Tobacco,Jungle Express,High,1,635,234,7.870364719583405
Tobacco,Jungle Express,High,1,584,183,7.515699838284043
Tobacco,TetR,None,1,540,139,7.118941072723508
Tobacco,TetR,None,1,564,163,7.348728154231077
Tobacco,TetR,None,1,677,276,8.108524456778168
Tobacco,TetR,Medium,1,1102,701,9.453270634010623
Tobacco,TetR,Medium,1,1425,1024,10.0
Tobacco,TetR,Medium,1,973,572,9.159871336778389
Tobacco,TetR,High,1,1728,1327,10.373952655370193
Tobacco,TetR,High,1,1322,921,9.847057346091336
Tobacco,TetR,High,1,1108,707,9.4655664048094
Tobacco,LacI,None,1,744,343,8.422064766172813
Tobacco,LacI,None,1,727,326,8.348728154231077
Tobacco,LacI,None,1,915,514,9.005624549193879
Tobacco,LacI,Medium,1,3943,3542,11.790348496751914
Tobacco,LacI,Medium,1,6232,5831,12.509527607423152
Tobacco,LacI,Medium,1,2904,2503,11.289442575688332
Tobacco,LacI,High,1,5368,4967,12.278159031437237
Tobacco,LacI,High,1,5508,5107,12.318260343712415
Tobacco,LacI,High,1,5902,5501,12.425478187645329
Tobacco,NahR,None,1,653,252,7.977279923499917
Tobacco,NahR,None,1,585,184,7.523561956057013
Tobacco,NahR,None,1,1220,819,9.677719641641009
Tobacco,NahR,Medium,1,1360,959,9.905387005018131
Tobacco,NahR,Medium,1,1627,1226,10.259743263690781
Tobacco,NahR,Medium,1,1248,847,9.726218159332198
Tobacco,NahR,High,1,5538,5137,12.32671035834696
Tobacco,NahR,High,1,3754,3353,11.711236767793784
Tobacco,NahR,High,1,5446,5045,12.30063855399372
Tobacco,Control,None,3,552,151,7.2384047393250786
Tobacco,Control,None,3,540,139,7.118941072723508
Tobacco,Control,None,3,520,119,6.894817763307944
Tobacco,Control,None,3,494,93,6.539158811108031
Tobacco,Control,None,3,478,77,6.266786540694901
Tobacco,Control,None,3,416,15,3.9068905956085187
Tobacco,Control,None,3,416,15,3.9068905956085187
Tobacco,Control,None,3,450,49,5.614709844115208
Tobacco,Control,None,3,376,-25,
Tobacco,CuO,None,3,627,226,7.820178962415188
Tobacco,CuO,None,3,367,-34,
Tobacco,CuO,None,3,567,166,7.3750394313469245
Tobacco,CuO,Medium,3,651,250,7.965784284662087
Tobacco,CuO,Medium,3,501,100,6.643856189774724
Tobacco,CuO,Medium,3,431,30,4.906890595608519
Tobacco,CuO,High,3,724,323,8.335390354693924
Tobacco,CuO,High,3,917,516,9.011227255423254
Tobacco,CuO,High,3,770,369,8.527477006060396
Tobacco,Jungle Express,None,3,668,267,8.060695931687555
Tobacco,Jungle Express,None,3,583,182,7.507794640198696
Tobacco,Jungle Express,None,3,293,-108,
Tobacco,Jungle Express,Medium,3,585,184,7.523561956057013
Tobacco,Jungle Express,Medium,3,433,32,5.0
Tobacco,Jungle Express,Medium,3,791,390,8.60733031374961
Tobacco,Jungle Express,High,3,579,178,7.475733430966398
Tobacco,Jungle Express,High,3,761,360,8.491853096329674
Tobacco,Jungle Express,High,3,492,91,6.507794640198696
Tobacco,TetR,None,3,592,191,7.577428828035749
Tobacco,TetR,None,3,433,32,5.0
Tobacco,TetR,None,3,535,134,7.066089190457772
Tobacco,TetR,Medium,3,976,575,9.167418145831737
Tobacco,TetR,Medium,3,1549,1148,10.164906926675688
Tobacco,TetR,Medium,3,896,495,8.951284714966972
Tobacco,TetR,High,3,1589,1188,10.214319120800766
Tobacco,TetR,High,3,1839,1438,10.489847960439297
Tobacco,TetR,High,3,1665,1264,10.303780748177102
Tobacco,LacI,None,3,725,324,8.339850002884624
Tobacco,LacI,None,3,732,331,8.370687406807217
Tobacco,LacI,None,3,792,391,8.611024797307353
Tobacco,LacI,Medium,3,2234,1833,10.839991070539886
Tobacco,LacI,Medium,3,8639,8238,13.008078410868256
Tobacco,LacI,Medium,3,6088,5687,12.473452088952232
Tobacco,LacI,High,3,9557,9156,13.160501747555687
Tobacco,LacI,High,3,7765,7364,12.846273911349906
Tobacco,LacI,High,3,9760,9359,13.192138672150957
Tobacco,NahR,None,3,759,358,8.483815777264256
Tobacco,NahR,None,3,2246,1845,10.849405100947758
Tobacco,NahR,None,3,646,245,7.936637939002571
Tobacco,NahR,Medium,3,1758,1357,10.406205005418855
Tobacco,NahR,Medium,3,1789,1388,10.43879185257826
Tobacco,NahR,Medium,3,1568,1167,10.188588845707349
Tobacco,NahR,High,3,3740,3339,11.705200378063116
Tobacco,NahR,High,3,4580,4179,12.02894204332241
Tobacco,NahR,High,3,2799,2398,11.227615943414223
Tobacco,Control,None,1,517,116,6.857980995127572
Tobacco,Control,None,1,502,101,6.658211482751795
Tobacco,Control,None,1,456,55,5.78135971352466
Tobacco,Control,None,1,406,5,2.321928094887362
Tobacco,Control,None,1,504,103,6.6865005271832185
Tobacco,Control,None,1,386,-15,
Tobacco,Control,None,1,384,-17,
Tobacco,Control,None,1,422,21,4.392317422778761
Tobacco,Control,None,1,627,226,7.820178962415188
Tobacco,CuO,None,1,440,39,5.285402218862249
Tobacco,CuO,None,1,528,127,6.9886846867721655
Tobacco,CuO,None,1,378,-23,
Tobacco,CuO,Medium,1,819,418,8.707359132080883
Tobacco,CuO,Medium,1,332,-69,
Tobacco,CuO,Medium,1,442,41,5.357552004618084
Tobacco,CuO,High,1,1118,717,9.485829308701904
Tobacco,CuO,High,1,1230,829,9.69522829149575
Tobacco,CuO,High,1,817,416,8.700439718141093
Tobacco,Jungle Express,None,1,534,133,7.05528243550119
Tobacco,Jungle Express,None,1,706,305,8.252665432450248
Tobacco,Jungle Express,None,1,408,7,2.807354922057604
Tobacco,Jungle Express,Medium,1,609,208,7.700439718141092
Tobacco,Jungle Express,Medium,1,376,-25,
Tobacco,Jungle Express,Medium,1,546,145,7.1799090900149345
Tobacco,Jungle Express,High,1,469,68,6.087462841250339
Tobacco,Jungle Express,High,1,519,118,6.882643049361842
Tobacco,Jungle Express,High,1,469,68,6.087462841250339
Tobacco,TetR,None,1,466,65,6.022367813028454
Tobacco,TetR,None,1,511,110,6.78135971352466
Tobacco,TetR,None,1,497,96,6.584962500721156
Tobacco,TetR,Medium,1,1004,603,9.236014191900084
Tobacco,TetR,Medium,1,989,588,9.199672344836364
Tobacco,TetR,Medium,1,1029,628,9.294620748891626
Tobacco,TetR,High,1,1700,1299,10.34318571544788
Tobacco,TetR,High,1,2106,1705,10.735556023911535
Tobacco,TetR,High,1,926,525,9.036173612553485
Tobacco,LacI,None,1,492,91,6.507794640198696
Tobacco,LacI,None,1,729,328,8.357552004618084
Tobacco,LacI,None,1,711,310,8.276124405274238
Tobacco,LacI,Medium,1,3581,3180,11.634811050171718
Tobacco,LacI,Medium,1,5569,5168,12.335390354693924
Tobacco,LacI,Medium,1,2667,2266,11.145932145820515
Tobacco,LacI,High,1,5278,4877,12.251778257035868
Tobacco,LacI,High,1,4387,3986,11.960725994839057
Tobacco,LacI,High,1,5977,5576,12.445014845868423
Tobacco,NahR,None,1,620,219,7.774787059601174
Tobacco,NahR,None,1,689,288,8.169925001442312
Tobacco,NahR,None,1,754,353,8.46352437327118
Tobacco,NahR,Medium,1,1221,820,9.679480099505446
Tobacco,NahR,Medium,1,1779,1378,10.428360172704291
Tobacco,NahR,Medium,1,1454,1053,10.040289721025717
Tobacco,NahR,High,1,2760,2359,11.203959703239462
Tobacco,NahR,High,1,2810,2409,11.23421867823847
Tobacco,NahR,High,1,2518,2117,11.047805554007589
Tobacco,Control,None,3,432,31,4.954196310386875
Tobacco,Control,None,3,639,238,7.894817763307944
Tobacco,Control,None,3,572,171,7.417852514885898
Tobacco,Control,None,3,595,194,7.599912842187128
Tobacco,Control,None,3,476,75,6.22881869049588
Tobacco,Control,None,3,354,-47,
Tobacco,Control,None,3,518,117,6.870364719583405
Tobacco,Control,None,3,452,51,5.672425341971495
Tobacco,Control,None,3,375,-26,
Tobacco,CuO,None,3,464,63,5.977279923499917
Tobacco,CuO,None,3,560,159,7.312882955284356
Tobacco,CuO,None,3,486,85,6.409390936137702
Tobacco,CuO,Medium,3,635,234,7.870364719583405
Tobacco,CuO,Medium,3,476,75,6.22881869049588
Tobacco,CuO,Medium,3,341,-60,
Tobacco,CuO,High,3,694,293,8.194756854422248
Tobacco,CuO,High,3,1492,1091,10.091435386323607
Tobacco,CuO,High,3,980,579,9.177419537989236
Tobacco,Jungle Express,None,3,649,248,7.954196310386875
Tobacco,Jungle Express,None,3,514,113,6.820178962415188
Tobacco,Jungle Express,None,3,410,9,3.169925001442312
Tobacco,Jungle Express,Medium,3,701,300,8.228818690495881
Tobacco,Jungle Express,Medium,3,705,304,8.247927513443585
Tobacco,Jungle Express,Medium,3,519,118,6.882643049361842
Tobacco,Jungle Express,High,3,562,161,7.330916878114617
Tobacco,Jungle Express,High,3,806,405,8.661778097771988
Tobacco,Jungle Express,High,3,695,294,8.199672344836364
Tobacco,TetR,None,3,620,219,7.774787059601174
Tobacco,TetR,None,3,413,12,3.584962500721156
Tobacco,TetR,None,3,507,106,6.727920454563199
Tobacco,TetR,Medium,3,1305,904,9.820178962415188
Tobacco,TetR,Medium,3,1058,657,9.35974956032233
Tobacco,TetR,Medium,3,958,557,9.121533517340032
Tobacco,TetR,High,3,1421,1020,9.994353436858859
Tobacco,TetR,High,3,1773,1372,10.422064766172813
Tobacco,TetR,High,3,1233,832,9.700439718141093
Tobacco,LacI,None,3,1657,1256,10.294620748891626
Tobacco,LacI,None,3,738,337,8.396604781181859
Tobacco,LacI,None,3,703,302,8.238404739325079
Tobacco,LacI,Medium,3,4340,3939,11.943613701614042
Tobacco,LacI,Medium,3,6531,6130,12.581671358578143
Tobacco,LacI,Medium,3,4681,4280,12.06339508128851
Tobacco,LacI,High,3,6819,6418,12.647908074281807
Tobacco,LacI,High,3,7928,7527,12.877859256130328
Tobacco,LacI,High,3,9668,9267,13.177886656348793
Tobacco,NahR,None,3,1055,654,9.353146825498083
Tobacco,NahR,None,3,925,524,9.03342300153745
Tobacco,NahR,None,3,843,442,8.787902559391432
Tobacco,NahR,Medium,3,1821,1420,10.471675214392045
Tobacco,NahR,Medium,3,2689,2288,11.159871336778389
Tobacco,NahR,Medium,3,1566,1165,10.186114239541643
Tobacco,NahR,High,3,4430,4029,11.9762060901486
Tobacco,NahR,High,3,4687,4286,12.065416134676548
Tobacco,NahR,High,3,3047,2646,11.369597346278677
Tobacco,Control,None,1,446,45,5.491853096329675
Tobacco,Control,None,1,626,225,7.813781191217037
Tobacco,Control,None,1,419,18,4.169925001442312
Tobacco,Control,None,1,507,106,6.727920454563199
Tobacco,Control,None,1,508,107,6.741466986401147
Tobacco,Control,None,1,371,-30,
Tobacco,Control,None,1,273,-128,
Tobacco,Control,None,1,397,-4,
Tobacco,Control,None,1,406,5,2.321928094887362
Tobacco,CuO,None,1,468,67,6.066089190457772
Tobacco,CuO,None,1,548,147,7.199672344836364
Tobacco,CuO,None,1,412,11,3.4594316186372973
Tobacco,CuO,Medium,1,623,222,7.794415866350106
Tobacco,CuO,Medium,1,329,-72,
Tobacco,CuO,Medium,1,496,95,6.569855608330948
Tobacco,CuO,High,1,1428,1027,10.004220466318195
Tobacco,CuO,High,1,1447,1046,10.030667136246942
Tobacco,CuO,High,1,787,386,8.59245703726808
Tobacco,Jungle Express,None,1,509,108,6.754887502163468
Tobacco,Jungle Express,None,1,517,116,6.857980995127572
Tobacco,Jungle Express,None,1,489,88,6.459431618637297
Tobacco,Jungle Express,Medium,1,512,111,6.794415866350106
Tobacco,Jungle Express,Medium,1,494,93,6.539158811108031
Tobacco,Jungle Express,Medium,1,562,161,7.330916878114617
Tobacco,Jungle Express,High,1,592,191,7.577428828035749
Tobacco,Jungle Express,High,1,621,220,7.78135971352466
Tobacco,Jungle Express,High,1,749,348,8.442943495848729
Tobacco,TetR,None,1,526,125,6.965784284662087
Tobacco,TetR,None,1,610,209,7.7073591320808825
Tobacco,TetR,None,1,564,163,7.348728154231077
Tobacco,TetR,Medium,1,1032,631,9.30149619498255
Tobacco,TetR,Medium,1,1158,757,9.564149489985732
Tobacco,TetR,Medium,1,903,502,8.971543553950772
Tobacco,TetR,High,1,2098,1697,10.728770849542663
Tobacco,TetR,High,1,1919,1518,10.567956075415466
Tobacco,TetR,High,1,1920,1519,10.568906154502084
Tobacco,LacI,None,1,1391,990,9.951284714966972
Tobacco,LacI,None,1,1210,809,9.659995892429977
Tobacco,LacI,None,1,1366,965,9.914385132155443
Tobacco,LacI,Medium,1,2974,2573,11.3292357417338
Tobacco,LacI,Medium,1,3138,2737,11.418379719364957
Tobacco,LacI,Medium,1,2812,2411,11.235415935602527
Tobacco,LacI,High,1,4658,4257,12.055621374781708
Tobacco,LacI,High,1,4850,4449,12.119265383175787
Tobacco,LacI,High,1,6928,6527,12.672204323964033
Tobacco,NahR,None,1,735,334,8.383704292474052
Tobacco,NahR,None,1,679,278,8.118941072723507
Tobacco,NahR,None,1,637,236,7.882643049361842
Tobacco,NahR,Medium,1,1354,953,9.896332403909941
Tobacco,NahR,Medium,1,1269,868,9.761551232444479
Tobacco,NahR,Medium,1,1438,1037,10.018200178813226
Tobacco,NahR,High,1,4627,4226,12.04507705193494
Tobacco,NahR,High,1,3607,3206,11.646558710154547
Tobacco,NahR,High,1,4710,4309,12.073137383110383
Tobacco,Control,None,3,461,60,5.906890595608519
Tobacco,Control,None,3,534,133,7.05528243550119
Tobacco,Control,None,3,503,102,6.672425341971495
Tobacco,Control,None,3,479,78,6.285402218862249
Tobacco,Control,None,3,391,-10,
Tobacco,Control,None,3,458,57,5.832890014164741
Tobacco,Control,None,3,383,-18,
Tobacco,Control,None,3,415,14,3.807354922057604
Tobacco,Control,None,3,363,-38,
Tobacco,CuO,None,3,482,81,6.339850002884624
Tobacco,CuO,None,3,208,-193,
Tobacco,CuO,None,3,435,34,5.087462841250339
Tobacco,CuO,Medium,3,606,205,7.679480099505446
Tobacco,CuO,Medium,3,489,88,6.459431618637297
Tobacco,CuO,Medium,3,492,91,6.507794640198696
Tobacco,CuO,High,3,724,323,8.335390354693924
Tobacco,CuO,High,3,1143,742,9.535275376620802
Tobacco,CuO,High,3,704,303,8.243173983472952
Tobacco,Jungle Express,None,3,512,111,6.794415866350106
Tobacco,Jungle Express,None,3,670,269,8.071462362556623
Tobacco,Jungle Express,None,3,420,19,4.247927513443585
Tobacco,Jungle Express,Medium,3,493,92,6.523561956057013
Tobacco,Jungle Express,Medium,3,670,269,8.071462362556623
Tobacco,Jungle Express,Medium,3,503,102,6.672425341971495
Tobacco,Jungle Express,High,3,674,273,8.092757140919852
Tobacco,Jungle Express,High,3,621,220,7.78135971352466
Tobacco,Jungle Express,High,3,832,431,8.751544059089099
Tobacco,TetR,None,3,596,195,7.60733031374961
Tobacco,TetR,None,3,502,101,6.658211482751795
Tobacco,TetR,None,3,495,94,6.554588851677638
Tobacco,TetR,Medium,3,1091,690,9.430452551665532
Tobacco,TetR,Medium,3,959,558,9.124121311829187
Tobacco,TetR,Medium,3,1039,638,9.31741261376487
Tobacco,TetR,High,3,1569,1168,10.189824558880018
Tobacco,TetR,High,3,1303,902,9.81698362325538
Tobacco,TetR,High,3,1478,1077,10.072802534544207
Tobacco,LacI,None,3,693,292,8.189824558880018
Tobacco,LacI,None,3,832,431,8.751544059089099
Tobacco,LacI,None,3,860,459,8.842350343413807
Tobacco,LacI,Medium,3,3016,2615,11.352595231134304
Tobacco,LacI,Medium,3,6091,5690,12.474212937193943
Tobacco,LacI,Medium,3,3993,3592,11.810571634741146
Tobacco,LacI,High,3,6154,5753,12.490098754884238
Tobacco,LacI,High,3,6623,6222,12.603162679534382
Tobacco,LacI,High,3,8803,8402,13.036517070486518
Tobacco,NahR,None,3,1036,635,9.310612781659529
Tobacco,NahR,None,3,697,296,8.20945336562895
Tobacco,NahR,None,3,673,272,8.087462841250339
Tobacco,NahR,Medium,3,2254,1853,10.855647166027266
Tobacco,NahR,Medium,3,3093,2692,11.394462694610317
Tobacco,NahR,Medium,3,1660,1259,10.298062567719017
Tobacco,NahR,High,3,3943,3542,11.790348496751914
Tobacco,NahR,High,3,4653,4252,12.053925881531105
Tobacco,NahR,High,3,3770,3369,11.718104713121757
Arabidopsis,LacI,None,1,661,350,8.451211111832329
Arabidopsis,LacI,None,1,639,328,8.357552004618084
Arabidopsis,LacI,None,1,387,76,6.247927513443585
Arabidopsis,LacI,None,1,952,641,9.324180546618742
Arabidopsis,LacI,None,1,650,339,8.405141463136344
Arabidopsis,LacI,None,1,538,227,7.826548487290915
Arabidopsis,LacI,None,1,490,179,7.483815777264256
Arabidopsis,LacI,None,1,445,134,7.066089190457772
Arabidopsis,LacI,None,1,873,562,9.134426320220927
Arabidopsis,LacI,None,1,512,201,7.651051691178929
Arabidopsis,LacI,None,1,542,231,7.851749041416057
Arabidopsis,LacI,None,1,491,180,7.491853096329675
Arabidopsis,LacI,Medium,1,802,491,8.939579214314692
Arabidopsis,LacI,Medium,1,3654,3343,11.706927639617403
Arabidopsis,LacI,Medium,1,1514,1203,10.232420927176076
Arabidopsis,LacI,Medium,1,1383,1072,10.066089190457772
Arabidopsis,LacI,Medium,1,1592,1281,10.323054760341646
Arabidopsis,LacI,Medium,1,568,257,8.005624549193879
Arabidopsis,LacI,Medium,1,1225,914,9.83605035505807
Arabidopsis,LacI,Medium,1,1422,1111,10.117643101389092
Arabidopsis,LacI,Medium,1,894,583,9.187352073200497
Arabidopsis,LacI,Medium,1,1020,709,9.469641817239516
Arabidopsis,LacI,Medium,1,1334,1023,9.99859042974533
Arabidopsis,LacI,Medium,1,952,641,9.324180546618742
Arabidopsis,LacI,High,1,1280,969,9.92035285541508
Arabidopsis,LacI,High,1,653,342,8.417852514885897
Arabidopsis,LacI,High,1,1852,1541,10.589651146514786
Arabidopsis,LacI,High,1,1362,1051,10.037546953962178
Arabidopsis,LacI,High,1,1701,1390,10.44086916761087
Arabidopsis,LacI,High,1,699,388,8.599912842187127
Arabidopsis,LacI,High,1,997,686,9.422064766172813
Arabidopsis,LacI,High,1,1770,1459,10.510764167917891
Arabidopsis,LacI,High,1,1245,934,9.867278739709661
Arabidopsis,LacI,High,1,1175,864,9.754887502163468
Arabidopsis,LacI,High,1,658,347,8.43879185257826
Arabidopsis,LacI,High,1,588,277,8.113742166049189
Arabidopsis,TetR,None,1,401,90,6.491853096329675
Arabidopsis,TetR,None,1,315,4,2.0
Arabidopsis,TetR,None,1,730,419,8.710806433699352
Arabidopsis,TetR,None,1,464,153,7.257387842692652
Arabidopsis,TetR,None,1,726,415,8.696967526234287
Arabidopsis,TetR,None,1,280,-31,
Arabidopsis,TetR,None,1,274,-37,
Arabidopsis,TetR,None,1,626,315,8.29920801838728
Arabidopsis,TetR,None,1,279,-32,
Arabidopsis,TetR,None,1,638,327,8.353146825498083
Arabidopsis,TetR,None,1,433,122,6.930737337562887
Arabidopsis,TetR,None,1,262,-49,
Arabidopsis,TetR,Medium,1,462,151,7.2384047393250786
Arabidopsis,TetR,Medium,1,748,437,8.7714894695006
Arabidopsis,TetR,Medium,1,403,92,6.523561956057013
Arabidopsis,TetR,Medium,1,865,554,9.113742166049189
Arabidopsis,TetR,Medium,1,489,178,7.475733430966398
Arabidopsis,TetR,Medium,1,366,55,5.78135971352466
Arabidopsis,TetR,Medium,1,687,376,8.554588851677638
Arabidopsis,TetR,Medium,1,664,353,8.46352437327118
Arabidopsis,TetR,Medium,1,702,391,8.611024797307353
Arabidopsis,TetR,Medium,1,342,31,4.954196310386875
Arabidopsis,TetR,Medium,1,773,462,8.851749041416058
Arabidopsis,TetR,Medium,1,794,483,8.915879378835774
Arabidopsis,TetR,High,1,612,301,8.233619676759702
Arabidopsis,TetR,High,1,874,563,9.13699111208023
Arabidopsis,TetR,High,1,1015,704,9.459431618637296
Arabidopsis,TetR,High,1,981,670,9.388017285345136
Arabidopsis,TetR,High,1,1356,1045,10.029287226968245
Arabidopsis,TetR,High,1,1042,731,9.513727595952437
Arabidopsis,TetR,High,1,966,655,9.355351096424812
Arabidopsis,TetR,High,1,724,413,8.689997971419446
Arabidopsis,TetR,High,1,1100,789,9.623881490013458
Arabidopsis,TetR,High,1,868,557,9.121533517340032
Arabidopsis,TetR,High,1,1084,773,9.594324603924848
Arabidopsis,TetR,High,1,840,529,9.047123912114026
Arabidopsis,NahR,None,1,859,548,9.098032082960527
Arabidopsis,NahR,None,1,830,519,9.019590728357882
Arabidopsis,NahR,None,1,948,637,9.3151495622563
Arabidopsis,NahR,None,1,290,-21,
Arabidopsis,NahR,None,1,1556,1245,10.281930026955443
Arabidopsis,NahR,None,1,1100,789,9.623881490013458
Arabidopsis,NahR,None,1,1492,1181,10.205793249397157
Arabidopsis,NahR,None,1,2230,1919,10.90613899619538
Arabidopsis,NahR,None,1,1940,1629,10.669770888525518
Arabidopsis,NahR,None,1,368,57,5.832890014164741
Arabidopsis,NahR,None,1,1785,1474,10.52552080909507
Arabidopsis,NahR,None,1,1976,1665,10.701306461958625
Arabidopsis,NahR,Medium,1,2301,1990,10.958552715431011
Arabidopsis,NahR,Medium,1,3096,2785,11.443461612227393
Arabidopsis,NahR,Medium,1,1250,939,9.874981347653774
Arabidopsis,NahR,Medium,1,1886,1575,10.621136113274641
Arabidopsis,NahR,Medium,1,1652,1341,10.389093521904474
Arabidopsis,NahR,Medium,1,1010,699,9.449148645375436
Arabidopsis,NahR,Medium,1,3145,2834,11.468624042918018
Arabidopsis,NahR,Medium,1,1268,957,9.902375114486025
Arabidopsis,NahR,Medium,1,2347,2036,10.991521846075695
Arabidopsis,NahR,Medium,1,4777,4466,12.124767535822473
Arabidopsis,NahR,Medium,1,3306,2995,11.548340287676147
Arabidopsis,NahR,Medium,1,4429,4118,12.007728114632254
Arabidopsis,NahR,High,1,2589,2278,11.153552031708111
Arabidopsis,NahR,High,1,1744,1433,10.484822894262146
Arabidopsis,NahR,High,1,2185,1874,10.871905237659186
Arabidopsis,NahR,High,1,1339,1028,10.005624549193879
Arabidopsis,NahR,High,1,2389,2078,11.020979938904212
Arabidopsis,NahR,High,1,1165,854,9.73809225962049
Arabidopsis,NahR,High,1,365,54,5.754887502163468
Arabidopsis,NahR,High,1,2165,1854,10.85642552862553
Arabidopsis,NahR,High,1,2466,2155,11.07347215397646
Arabidopsis,NahR,High,1,253,-58,
Arabidopsis,NahR,High,1,3938,3627,11.82456102997028
Arabidopsis,NahR,High,1,2519,2208,11.108524456778168
Arabidopsis,Jungle Express,None,1,496,185,7.531381460516312
Arabidopsis,Jungle Express,None,1,527,216,7.754887502163468
Arabidopsis,Jungle Express,None,1,516,205,7.679480099505446
Arabidopsis,Jungle Express,None,1,315,4,2.0
Arabidopsis,Jungle Express,None,1,593,282,8.139551352398794
Arabidopsis,Jungle Express,None,1,419,108,6.754887502163468
Arabidopsis,Jungle Express,None,1,420,109,6.768184324776926
Arabidopsis,Jungle Express,None,1,374,63,5.977279923499917
Arabidopsis,Jungle Express,None,1,415,104,6.700439718141092
Arabidopsis,Jungle Express,None,1,504,193,7.592457037268081
Arabidopsis,Jungle Express,None,1,568,257,8.005624549193879
Arabidopsis,Jungle Express,None,1,445,134,7.066089190457772
Arabidopsis,Jungle Express,Medium,1,259,-52,
Arabidopsis,Jungle Express,Medium,1,320,9,3.169925001442312
Arabidopsis,Jungle Express,Medium,1,293,-18,
Arabidopsis,Jungle Express,Medium,1,378,67,6.066089190457772
Arabidopsis,Jungle Express,Medium,1,367,56,5.807354922057604
Arabidopsis,Jungle Express,Medium,1,320,9,3.169925001442312
Arabidopsis,Jungle Express,Medium,1,630,319,8.31741261376487
Arabidopsis,Jungle Express,Medium,1,328,17,4.087462841250339
Arabidopsis,Jungle Express,Medium,1,380,69,6.108524456778169
Arabidopsis,Jungle Express,Medium,1,513,202,7.658211482751795
Arabidopsis,Jungle Express,Medium,1,647,336,8.39231742277876
Arabidopsis,Jungle Express,Medium,1,408,97,6.599912842187128
Arabidopsis,Jungle Express,High,1,450,139,7.118941072723508
Arabidopsis,Jungle Express,High,1,412,101,6.658211482751795
Arabidopsis,Jungle Express,High,1,345,34,5.087462841250339
Arabidopsis,Jungle Express,High,1,447,136,7.087462841250339
Arabidopsis,Jungle Express,High,1,373,62,5.954196310386875
Arabidopsis,Jungle Express,High,1,353,42,5.392317422778761
Arabidopsis,Jungle Express,High,1,452,141,7.139551352398794
Arabidopsis,Jungle Express,High,1,497,186,7.539158811108031
Arabidopsis,Jungle Express,High,1,536,225,7.813781191217037
Arabidopsis,Jungle Express,High,1,677,366,8.515699838284043
Arabidopsis,Jungle Express,High,1,510,199,7.636624620543649
Arabidopsis,Jungle Express,High,1,385,74,6.20945336562895
Arabidopsis,CuO,None,1,281,-30,
Arabidopsis,CuO,None,1,257,-54,
Arabidopsis,CuO,None,1,489,178,7.475733430966398
Arabidopsis,CuO,None,1,333,22,4.459431618637297
Arabidopsis,CuO,None,1,464,153,7.257387842692652
Arabidopsis,CuO,None,1,331,20,4.321928094887363
Arabidopsis,CuO,None,1,282,-29,
Arabidopsis,CuO,None,1,493,182,7.507794640198696
Arabidopsis,CuO,None,1,380,69,6.108524456778169
Arabidopsis,CuO,None,1,350,39,5.285402218862249
Arabidopsis,CuO,None,1,313,2,1.0
Arabidopsis,CuO,None,1,373,62,5.954196310386875
Arabidopsis,CuO,Medium,1,589,278,8.118941072723507
Arabidopsis,CuO,Medium,1,479,168,7.392317422778761
Arabidopsis,CuO,Medium,1,373,62,5.954196310386875
Arabidopsis,CuO,Medium,1,425,114,6.832890014164741
Arabidopsis,CuO,Medium,1,302,-9,
Arabidopsis,CuO,Medium,1,246,-65,
Arabidopsis,CuO,Medium,1,529,218,7.768184324776926
Arabidopsis,CuO,Medium,1,460,149,7.219168520462161
Arabidopsis,CuO,Medium,1,520,209,7.7073591320808825
Arabidopsis,CuO,Medium,1,362,51,5.672425341971495
Arabidopsis,CuO,Medium,1,276,-35,
Arabidopsis,CuO,Medium,1,218,-93,
Arabidopsis,CuO,High,1,641,330,8.366322214245816
Arabidopsis,CuO,High,1,571,260,8.022367813028454
Arabidopsis,CuO,High,1,338,27,4.754887502163468
Arabidopsis,CuO,High,1,898,587,9.197216693110052
Arabidopsis,CuO,High,1,433,122,6.930737337562887
Arabidopsis,CuO,High,1,426,115,6.845490050944375
Arabidopsis,CuO,High,1,315,4,2.0
Arabidopsis,CuO,High,1,521,210,7.714245517666122
Arabidopsis,CuO,High,1,519,208,7.700439718141092
Arabidopsis,CuO,High,1,303,-8,
Arabidopsis,CuO,High,1,524,213,7.734709620225838
Arabidopsis,CuO,High,1,698,387,8.59618975614441
Arabidopsis,LacI,None,3,708,397,8.632995197142957
Arabidopsis,LacI,None,3,489,178,7.475733430966398
Arabidopsis,LacI,None,3,609,298,8.219168520462162
Arabidopsis,LacI,None,3,385,74,6.20945336562895
Arabidopsis,LacI,None,3,787,476,8.894817763307943
Arabidopsis,LacI,None,3,348,37,5.20945336562895
Arabidopsis,LacI,None,3,1091,780,9.60733031374961
Arabidopsis,LacI,None,3,439,128,7.0
Arabidopsis,LacI,None,3,652,341,8.413627929024173
Arabidopsis,LacI,None,3,670,359,8.487840033823051
Arabidopsis,LacI,None,3,1121,810,9.661778097771988
Arabidopsis,LacI,None,3,644,333,8.379378367071261
Arabidopsis,LacI,Medium,3,2616,2305,11.1705510353167
Arabidopsis,LacI,Medium,3,1335,1024,10.0
Arabidopsis,LacI,Medium,3,2474,2163,11.078817949961978
Arabidopsis,LacI,Medium,3,2318,2007,10.970824901362617
Arabidopsis,LacI,Medium,3,1286,975,9.929258408636972
Arabidopsis,LacI,Medium,3,2292,1981,10.952013164889486
Arabidopsis,LacI,Medium,3,1085,774,9.59618975614441
Arabidopsis,LacI,Medium,3,1320,1009,9.978710459106358
Arabidopsis,LacI,Medium,3,741,430,8.74819284958946
Arabidopsis,LacI,Medium,3,1370,1059,10.048486873992337
Arabidopsis,LacI,Medium,3,1981,1670,10.705632387361415
Arabidopsis,LacI,Medium,3,1401,1090,10.090112419664289
Arabidopsis,LacI,High,3,3242,2931,11.51717725268954
Arabidopsis,LacI,High,3,1719,1408,10.459431618637296
Arabidopsis,LacI,High,3,450,139,7.118941072723508
Arabidopsis,LacI,High,3,867,556,9.118941072723507
Arabidopsis,LacI,High,3,377,66,6.044394119358453
Arabidopsis,LacI,High,3,2715,2404,11.231221180711186
Arabidopsis,LacI,High,3,832,521,9.025139562278508
Arabidopsis,LacI,High,3,4108,3797,11.890644283619089
Arabidopsis,LacI,High,3,649,338,8.400879436282183
Arabidopsis,LacI,High,3,1183,872,9.768184324776927
Arabidopsis,LacI,High,3,1103,792,9.62935662007961
Arabidopsis,LacI,High,3,1574,1263,10.302638923787553
Arabidopsis,TetR,None,3,515,204,7.672425341971495
Arabidopsis,TetR,None,3,251,-60,
Arabidopsis,TetR,None,3,299,-12,
Arabidopsis,TetR,None,3,373,62,5.954196310386875
Arabidopsis,TetR,None,3,463,152,7.247927513443585
Arabidopsis,TetR,None,3,411,100,6.643856189774724
Arabidopsis,TetR,None,3,1095,784,9.614709844115207
Arabidopsis,TetR,None,3,196,-115,
Arabidopsis,TetR,None,3,575,264,8.044394119358454
Arabidopsis,TetR,None,3,352,41,5.357552004618084
Arabidopsis,TetR,None,3,441,130,7.022367813028454
Arabidopsis,TetR,None,3,424,113,6.820178962415188
Arabidopsis,TetR,Medium,3,472,161,7.330916878114617
Arabidopsis,TetR,Medium,3,682,371,8.535275376620802
Arabidopsis,TetR,Medium,3,469,158,7.303780748177103
Arabidopsis,TetR,Medium,3,253,-58,
Arabidopsis,TetR,Medium,3,431,120,6.906890595608519
Arabidopsis,TetR,Medium,3,712,401,8.64745842645492
Arabidopsis,TetR,Medium,3,934,623,9.283088353024002
Arabidopsis,TetR,Medium,3,881,570,9.154818109052105
Arabidopsis,TetR,Medium,3,592,281,8.134426320220927
Arabidopsis,TetR,Medium,3,501,190,7.569855608330948
Arabidopsis,TetR,Medium,3,384,73,6.189824558880018
Arabidopsis,TetR,Medium,3,843,532,9.055282435501189
Arabidopsis,TetR,High,3,512,201,7.651051691178929
Arabidopsis,TetR,High,3,1186,875,9.77313920671969
Arabidopsis,TetR,High,3,909,598,9.224001674198105
Arabidopsis,TetR,High,3,466,155,7.2761244052742375
Arabidopsis,TetR,High,3,949,638,9.31741261376487
Arabidopsis,TetR,High,3,882,571,9.157346935362844
Arabidopsis,TetR,High,3,942,631,9.30149619498255
Arabidopsis,TetR,High,3,1046,735,9.521600439723727
Arabidopsis,TetR,High,3,1048,737,9.52552080909507
Arabidopsis,TetR,High,3,1059,748,9.546894459887637
Arabidopsis,TetR,High,3,923,612,9.257387842692651
Arabidopsis,TetR,High,3,2323,2012,10.974414589805527
Arabidopsis,NahR,None,3,5446,5135,12.326148561205557
Arabidopsis,NahR,None,3,5829,5518,12.429929741353273
Arabidopsis,NahR,None,3,3827,3516,11.779719355143405
Arabidopsis,NahR,None,3,3374,3063,11.580729651598958
Arabidopsis,NahR,None,3,3402,3091,11.593857938858223
Arabidopsis,NahR,None,3,2132,1821,10.830515206976838
Arabidopsis,NahR,None,3,2466,2155,11.07347215397646
Arabidopsis,NahR,None,3,4399,4088,11.997179480937621
Arabidopsis,NahR,None,3,3741,3430,11.743992861060175
Arabidopsis,NahR,None,3,1939,1628,10.668884984266247
Arabidopsis,NahR,None,3,2336,2025,10.98370619265935
Arabidopsis,NahR,None,3,4463,4152,12.019590728357882
Arabidopsis,NahR,Medium,3,1168,857,9.7431513941125
Arabidopsis,NahR,Medium,3,3531,3220,11.65284497300198
Arabidopsis,NahR,Medium,3,3544,3233,11.658657792126085
Arabidopsis,NahR,Medium,3,4546,4235,12.04814625421956
Arabidopsis,NahR,Medium,3,2720,2409,11.23421867823847
Arabidopsis,NahR,Medium,3,1292,981,9.938109326219239
Arabidopsis,NahR,Medium,3,3417,3106,11.600842114387302
Arabidopsis,NahR,Medium,3,4924,4613,12.171489577065655
Arabidopsis,NahR,Medium,3,5024,4713,12.202429966015352
Arabidopsis,NahR,Medium,3,3799,3488,11.768184324776927
Arabidopsis,NahR,Medium,3,913,602,9.233619676759702
Arabidopsis,NahR,Medium,3,2640,2329,11.185494924210866
Arabidopsis,NahR,High,3,1490,1179,10.203348002979762
Arabidopsis,NahR,High,3,598,287,8.164906926675688
Arabidopsis,NahR,High,3,2647,2336,11.189824558880018
Arabidopsis,NahR,High,3,2531,2220,11.116343961237469
Arabidopsis,NahR,High,3,2940,2629,11.360298426618046
Arabidopsis,NahR,High,3,3150,2839,11.471167133724391
Arabidopsis,NahR,High,3,3482,3171,11.630722162103838
Arabidopsis,NahR,High,3,256,-55,
Arabidopsis,NahR,High,3,3176,2865,11.484319423644267
Arabidopsis,NahR,High,3,6133,5822,12.507299124122765
Arabidopsis,NahR,High,3,2480,2169,11.082814337672273
Arabidopsis,NahR,High,3,1280,969,9.92035285541508
Arabidopsis,Jungle Express,None,3,386,75,6.22881869049588
Arabidopsis,Jungle Express,None,3,454,143,7.159871336778389
Arabidopsis,Jungle Express,None,3,341,30,4.906890595608519
Arabidopsis,Jungle Express,None,3,585,274,8.098032082960527
Arabidopsis,Jungle Express,None,3,462,151,7.2384047393250786
Arabidopsis,Jungle Express,None,3,403,92,6.523561956057013
Arabidopsis,Jungle Express,None,3,281,-30,
Arabidopsis,Jungle Express,None,3,373,62,5.954196310386875
Arabidopsis,Jungle Express,None,3,476,165,7.366322214245816
Arabidopsis,Jungle Express,None,3,371,60,5.906890595608519
Arabidopsis,Jungle Express,None,3,537,226,7.820178962415188
Arabidopsis,Jungle Express,None,3,505,194,7.599912842187128
Arabidopsis,Jungle Express,Medium,3,347,36,5.169925001442312
Arabidopsis,Jungle Express,Medium,3,374,63,5.977279923499917
Arabidopsis,Jungle Express,Medium,3,415,104,6.700439718141092
Arabidopsis,Jungle Express,Medium,3,792,481,8.909893083770042
Arabidopsis,Jungle Express,Medium,3,448,137,7.098032082960526
Arabidopsis,Jungle Express,Medium,3,512,201,7.651051691178929
Arabidopsis,Jungle Express,Medium,3,330,19,4.247927513443585
Arabidopsis,Jungle Express,Medium,3,322,11,3.4594316186372973
Arabidopsis,Jungle Express,Medium,3,446,135,7.076815597050831
Arabidopsis,Jungle Express,Medium,3,532,221,7.787902559391432
Arabidopsis,Jungle Express,Medium,3,511,200,7.643856189774724
Arabidopsis,Jungle Express,Medium,3,1082,771,9.590587049915035
Arabidopsis,Jungle Express,High,3,589,278,8.118941072723507
Arabidopsis,Jungle Express,High,3,396,85,6.409390936137702
Arabidopsis,Jungle Express,High,3,551,240,7.906890595608519
Arabidopsis,Jungle Express,High,3,573,262,8.03342300153745
Arabidopsis,Jungle Express,High,3,570,259,8.016808287686555
Arabidopsis,Jungle Express,High,3,465,154,7.266786540694901
Arabidopsis,Jungle Express,High,3,584,273,8.092757140919852
Arabidopsis,Jungle Express,High,3,1182,871,9.766528908598865
Arabidopsis,Jungle Express,High,3,569,258,8.011227255423254
Arabidopsis,Jungle Express,High,3,691,380,8.569855608330949
Arabidopsis,Jungle Express,High,3,843,532,9.055282435501189
Arabidopsis,Jungle Express,High,3,623,312,8.285402218862249
Arabidopsis,CuO,None,3,509,198,7.6293566200796095
Arabidopsis,CuO,None,3,286,-25,
Arabidopsis,CuO,None,3,1469,1158,10.177419537989236
Arabidopsis,CuO,None,3,354,43,5.426264754702098
Arabidopsis,CuO,None,3,414,103,6.6865005271832185
Arabidopsis,CuO,None,3,455,144,7.169925001442312
Arabidopsis,CuO,None,3,1172,861,9.749869427396844
Arabidopsis,CuO,None,3,480,169,7.400879436282184
Arabidopsis,CuO,None,3,411,100,6.643856189774724
Arabidopsis,CuO,None,3,247,-64,
Arabidopsis,CuO,None,3,520,209,7.7073591320808825
Arabidopsis,CuO,None,3,412,101,6.658211482751795
Arabidopsis,CuO,Medium,3,499,188,7.554588851677638
Arabidopsis,CuO,Medium,3,444,133,7.05528243550119
Arabidopsis,CuO,Medium,3,515,204,7.672425341971495
Arabidopsis,CuO,Medium,3,489,178,7.475733430966398
Arabidopsis,CuO,Medium,3,454,143,7.159871336778389
Arabidopsis,CuO,Medium,3,547,236,7.882643049361842
Arabidopsis,CuO,Medium,3,336,25,4.643856189774724
Arabidopsis,CuO,Medium,3,442,131,7.03342300153745
Arabidopsis,CuO,Medium,3,406,95,6.569855608330948
Arabidopsis,CuO,Medium,3,566,255,7.994353436858858
Arabidopsis,CuO,Medium,3,699,388,8.599912842187127
Arabidopsis,CuO,Medium,3,556,245,7.936637939002571
Arabidopsis,CuO,High,3,572,261,8.027905996569885
Arabidopsis,CuO,High,3,855,544,9.087462841250339
Arabidopsis,CuO,High,3,587,276,8.108524456778168
Arabidopsis,CuO,High,3,423,112,6.807354922057604
Arabidopsis,CuO,High,3,617,306,8.257387842692651
Arabidopsis,CuO,High,3,659,348,8.442943495848729
Arabidopsis,CuO,High,3,573,262,8.03342300153745
Arabidopsis,CuO,High,3,646,335,8.388017285345136
Arabidopsis,CuO,High,3,530,219,7.774787059601174
Arabidopsis,CuO,High,3,472,161,7.330916878114617
Arabidopsis,CuO,High,3,324,13,3.700439718141092
Arabidopsis,CuO,High,3,547,236,7.882643049361842
In vitro,LacI,High,3,11764,11764,13.522091068887065
In vitro,LacI,High,3,13199,13199,13.68814100991415
In vitro,LacI,High,3,11595,11595,13.501215199533366
In vitro,LacI,High,3,11961,11961,13.546050390718486
In vitro,LacI,High,3,12636,12636,13.625252221746873
In vitro,LacI,High,3,13283,13283,13.697293399452
In vitro,LacI,High,3,14251,14251,13.798775537031908
In vitro,LacI,High,3,12495,12495,13.609063280974066
In vitro,LacI,Medium,3,6514,6514,12.669328004395904
In vitro,LacI,Medium,3,6566,6566,12.680799034572981
In vitro,LacI,Medium,3,6475,6475,12.660664477461278
In vitro,LacI,Medium,3,6581,6581,12.684091106529095
In vitro,LacI,Medium,3,6709,6709,12.711882028352088
In vitro,LacI,Medium,3,6823,6823,12.736190500960927
In vitro,LacI,Medium,3,7041,7041,12.781564627244327
In vitro,LacI,Medium,3,6792,6792,12.729620743553038
In vitro,LacI,None,3,138,138,7.108524456778169
In vitro,LacI,None,3,150,150,7.22881869049588
In vitro,LacI,None,3,136,136,7.087462841250339
In vitro,LacI,None,3,139,139,7.118941072723508
In vitro,LacI,None,3,132,132,7.044394119358453
In vitro,LacI,None,3,124,124,6.954196310386875
In vitro,LacI,None,3,123,123,6.94251450533924
In vitro,LacI,None,3,135,135,7.076815597050831
In vitro,NahR,High,3,21829,21829,14.413958420639227
In vitro,NahR,High,3,20607,20607,14.330846869863196
In vitro,NahR,High,3,23335,23335,14.510207846851506
In vitro,NahR,High,3,21727,21727,14.40720136474911
In vitro,NahR,High,3,22027,22027,14.426985397972526
In vitro,NahR,High,3,22178,22178,14.436841649459382
In vitro,NahR,High,3,21732,21732,14.407533331671324
In vitro,NahR,High,3,21153,21153,14.368574665977194
In vitro,NahR,Medium,3,11902,11902,13.538916402464112
In vitro,NahR,Medium,3,12034,12034,13.554828641429854
In vitro,NahR,Medium,3,12218,12218,13.576720525080246
In vitro,NahR,Medium,3,12353,12353,13.592573831037898
In vitro,NahR,Medium,3,12437,12437,13.602350906249331
In vitro,NahR,Medium,3,11844,11844,13.531868775177553
In vitro,NahR,Medium,3,12680,12680,13.63026712502677
In vitro,NahR,Medium,3,12320,12320,13.588714635582264
In vitro,NahR,None,3,1267,1267,10.30720080914081
In vitro,NahR,None,3,1249,1249,10.286557761607957
In vitro,NahR,None,3,1289,1289,10.332036548361652
In vitro,NahR,None,3,1285,1285,10.32755264408124
In vitro,NahR,None,3,1163,1163,10.183635381473218
In vitro,NahR,None,3,1137,1137,10.151016538892248
In vitro,NahR,None,3,1377,1377,10.427312844134963
In vitro,NahR,None,3,1416,1416,10.467605550082997
In vitro,Jungle Express,High,3,11822,11822,13.529186505250891
In vitro,Jungle Express,High,3,12383,12383,13.596073254748063
In vitro,Jungle Express,High,3,12142,12142,13.567718457850754
In vitro,Jungle Express,High,3,12232,12232,13.578372691360805
In vitro,Jungle Express,High,3,12107,12107,13.56355380269006
In vitro,Jungle Express,High,3,12869,12869,13.651612331236072
In vitro,Jungle Express,High,3,11942,11942,13.543756853375895
In vitro,Jungle Express,Medium,3,7483,7483,12.869401059778095
In vitro,Jungle Express,Medium,3,7179,7179,12.809567182259656
In vitro,Jungle Express,Medium,3,7270,7270,12.827739648806956
In vitro,Jungle Express,Medium,3,7719,7719,12.914198242454956
In vitro,Jungle Express,Medium,3,7504,7504,12.873444112515376
In vitro,Jungle Express,Medium,3,7335,7335,12.840581250560753
In vitro,Jungle Express,Medium,3,7356,7356,12.844705764411938
In vitro,Jungle Express,Medium,3,7552,7552,12.88264304936184
In vitro,Jungle Express,None,3,155,155,7.2761244052742375
In vitro,Jungle Express,None,3,145,145,7.1799090900149345
In vitro,Jungle Express,None,3,154,154,7.266786540694901
In vitro,Jungle Express,None,3,154,154,7.266786540694901
In vitro,Jungle Express,None,3,158,158,7.303780748177103
In vitro,Jungle Express,None,3,165,165,7.366322214245816
In vitro,Jungle Express,None,3,154,154,7.266786540694901
In vitro,Jungle Express,None,3,157,157,7.294620748891627
In vitro,CuO,High,3,6515,6515,12.669549463455496
In vitro,CuO,High,3,6672,6672,12.703903573444663
In vitro,CuO,High,3,6746,6746,12.719816603018126
In vitro,CuO,High,3,6657,6657,12.700656452918167
In vitro,CuO,High,3,6721,6721,12.714460188456027
In vitro,CuO,High,3,6783,6783,12.727707777472686
In vitro,CuO,High,3,6819,6819,12.735344469539005
In vitro,CuO,High,3,6579,6579,12.68365259739475
In vitro,CuO,Medium,3,3434,3434,11.745674324002135
In vitro,CuO,Medium,3,3172,3172,11.63117705570398
In vitro,CuO,Medium,3,3209,3209,11.647908074281807
In vitro,CuO,Medium,3,3330,3330,11.701306461958625
In vitro,CuO,Medium,3,3430,3430,11.743992861060175
In vitro,CuO,Medium,3,3380,3380,11.722807531169547
In vitro,CuO,Medium,3,3457,3457,11.7553048882624
In vitro,CuO,Medium,3,3191,3191,11.639792893279312
In vitro,CuO,None,3,33,33,5.044394119358453
In vitro,CuO,None,3,32,32,5.0
In vitro,CuO,None,3,36,36,5.169925001442312
In vitro,CuO,None,3,42,42,5.392317422778761
In vitro,CuO,None,3,38,38,5.247927513443585
In vitro,CuO,None,3,41,41,5.357552004618084
In vitro,CuO,None,3,38,38,5.247927513443585
In vitro,CuO,None,3,41,41,5.357552004618084
In vitro,TetR,High,3,8210,8210,13.003166506665167
In vitro,TetR,High,3,7998,7998,12.965423565810129
In vitro,TetR,High,3,7832,7832,12.935165049603695
In vitro,TetR,High,3,8254,8254,13.010877723007034
In vitro,TetR,High,3,7927,7927,12.952559261056837
In vitro,TetR,High,3,8092,8092,12.982280604558284
In vitro,TetR,High,3,8188,8188,12.99929538702341
In vitro,TetR,High,3,8369,8369,13.03083953214138
In vitro,TetR,Medium,3,5133,5133,12.32558654521057
In vitro,TetR,Medium,3,4140,4140,12.015415052386688
In vitro,TetR,Medium,3,4759,4759,12.216442739160492
In vitro,TetR,Medium,3,5026,5026,12.295194955880655
In vitro,TetR,Medium,3,5247,5247,12.357277074642809
In vitro,TetR,Medium,3,4981,4981,12.282219695672588
In vitro,TetR,Medium,3,4689,4689,12.19506456372082
In vitro,TetR,Medium,3,4793,4793,12.226713224618962
In vitro,TetR,None,3,79,79,6.303780748177103
In vitro,TetR,None,3,77,77,6.266786540694901
In vitro,TetR,None,3,76,76,6.247927513443585
In vitro,TetR,None,3,77,77,6.266786540694901
In vitro,TetR,None,3,78,78,6.285402218862249
In vitro,TetR,None,3,81,81,6.339850002884624
In vitro,TetR,None,3,83,83,6.3750394313469245
In vitro,TetR,None,3,86,86,6.426264754702098
