Well,GFP,Strain,Plant,Leaf,Promoter,GFP_log
A1,253239,WT,1,Top,J23117,17.950140078151826
A2,198311,WT,1,Top,J23117,17.597405178253243
A3,235952,WT,1,Top,J23117,17.848133874679753
A4,208438,WT,1,Top,J23117,17.669258791467612
A5,370471,WT,1,Bottom,J23117,18.499001089049806
A6,437002,WT,1,Bottom,J23117,18.737280356870876
A7,324598,WT,1,Bottom,J23117,18.308294585231597
A8,377169,WT,1,Bottom,J23117,18.52485157838153
A9,580718,WT,2,Top,J23117,19.147478227107122
A10,358777,WT,2,Top,J23117,18.452727881278403
A11,472118,WT,2,Top,J23117,18.848787962707444
A12,584526,WT,2,Top,J23117,19.15690767239617
B1,332714,WT,2,Bottom,J23117,18.34392304791826
B2,285960,WT,2,Bottom,J23117,18.12545383179879
B3,332386,WT,2,Bottom,J23117,18.342500091936383
B4,111274,WT,2,Bottom,J23117,16.763757010036937
B5,379227,WT,3,Top,J23117,18.532702158555374
B6,399128,WT,3,Top,J23117,18.60649196612534
B7,407850,WT,3,Top,J23117,18.63767912652064
B8,446695,WT,3,Top,J23117,18.768930580621355
B9,181948,WT,3,Bottom,J23117,17.47316666738094
B10,179427,WT,3,Bottom,J23117,17.45303747637275
B11,224034,WT,3,Bottom,J23117,17.773358170599593
B12,394933,WT,3,Bottom,J23117,18.59124839667222
C1,362440,WT,4,Top,J23117,18.467382658896877
C2,283894,WT,4,Top,J23117,18.114992832968234
C3,376399,WT,4,Top,J23117,18.521903269620804
C4,280052,WT,4,Top,J23117,18.095335205810027
C5,296212,WT,4,Bottom,J23117,18.17627056202445
C6,252469,WT,4,Bottom,J23117,17.945746728471946
C7,266459,WT,4,Bottom,J23117,18.023554037262983
C8,187028,WT,4,Bottom,J23117,17.512894746887625
C9,316905,WT,5,Top,J23117,18.27369089660031
C10,343832,WT,5,Top,J23117,18.391344295264787
C11,425072,WT,5,Top,J23117,18.697347704499375
C12,352938,WT,5,Top,J23117,18.429055244481194
D1,297452,WT,5,Bottom,J23117,18.18229735311263
D2,275260,WT,5,Bottom,J23117,18.070435451263133
D3,358022,WT,5,Bottom,J23117,18.4496887164395
D4,293154,WT,5,Bottom,J23117,18.161299216454477
D5,403938,WT,6,Top,J23117,18.62377434672885
D6,573762,WT,6,Top,J23117,19.130092896661644
D7,406611,WT,6,Top,J23117,18.633289719208214
D8,484533,WT,6,Top,J23117,18.886235400789378
D9,391378,WT,6,Bottom,J23117,18.57820313642365
D10,181187,WT,6,Bottom,J23117,17.467119921496767
D11,222899,WT,6,Bottom,J23117,17.766030618633053
D12,316740,WT,6,Bottom,J23117,18.272939546279147
E1,368690,WT,7,Top,J23117,18.492048761098925
E2,396103,WT,7,Top,J23117,18.595516102386572
E3,359470,WT,7,Top,J23117,18.45551184828023
E4,359939,WT,7,Top,J23117,18.457392903618803
E5,253808,WT,7,Bottom,J23117,17.95337801792013
E6,291273,WT,7,Bottom,J23117,18.15201244927092
E7,256662,WT,7,Bottom,J23117,17.969510188465804
E8,254544,WT,7,Bottom,J23117,17.957555533861903
E9,251110,WT,8,Top,J23117,17.937959956901825
E10,604772,WT,8,Top,J23117,19.206031821012573
E11,302920,WT,8,Top,J23117,18.20857730825934
E12,384613,WT,8,Top,J23117,18.55304800133346
F1,286078,WT,8,Bottom,J23117,18.12604903008016
F2,341175,WT,8,Bottom,J23117,18.380152409787534
F3,356939,WT,8,Bottom,J23117,18.44531801671098
F4,259708,WT,8,Bottom,J23117,17.986530929664386
F5,50711,ΔvirB1-5,1,Top,J23117,15.630011103585552
F6,48531,ΔvirB1-5,1,Top,J23117,15.566618967246391
F7,73952,ΔvirB1-5,1,Top,J23117,16.17430154446763
F8,56981,ΔvirB1-5,1,Top,J23117,15.798193320312325
F9,71796,ΔvirB1-5,1,Bottom,J23117,16.13161584837611
F10,79545,ΔvirB1-5,1,Bottom,J23117,16.279483628749265
F11,60734,ΔvirB1-5,1,Bottom,J23117,15.890216769157735
F12,36825,ΔvirB1-5,1,Bottom,J23117,15.168397904810574
G1,48182,ΔvirB1-5,2,Top,J23117,15.55620665959731
G2,38194,ΔvirB1-5,2,Top,J23117,15.221058398697371
G3,30822,ΔvirB1-5,2,Top,J23117,14.911672859068116
G4,57544,ΔvirB1-5,2,Top,J23117,15.812377888766893
G5,32401,ΔvirB1-5,2,Bottom,J23117,14.983750719596928
G6,32108,ΔvirB1-5,2,Bottom,J23117,14.970645182266665
G7,32997,ΔvirB1-5,2,Bottom,J23117,15.010047243964003
G8,24686,ΔvirB1-5,2,Bottom,J23117,14.591405467643229
G9,53661,ΔvirB1-5,3,Top,J23117,15.711586319753513
G10,71413,ΔvirB1-5,3,Top,J23117,16.123899105461355
G11,33077,ΔvirB1-5,3,Top,J23117,15.0135407712113
G12,74800,ΔvirB1-5,3,Top,J23117,16.190750649662363
H1,64378,ΔvirB1-5,3,Bottom,J23117,15.974280137556391
H2,78665,ΔvirB1-5,3,Bottom,J23117,16.26343426740608
H3,52147,ΔvirB1-5,3,Bottom,J23117,15.670296636903945
H4,57477,ΔvirB1-5,3,Bottom,J23117,15.810697142143717
H5,29778,ΔvirB1-5,4,Top,J23117,14.861959240018276
H6,47792,ΔvirB1-5,4,Top,J23117,15.544481522310791
H7,43582,ΔvirB1-5,4,Top,J23117,15.411444783526784
H8,32272,ΔvirB1-5,4,Top,J23117,14.977995368612962
H9,59533,ΔvirB1-5,4,Bottom,J23117,15.861401976352395
H10,39958,ΔvirB1-5,4,Bottom,J23117,15.286196753913735
H11,43045,ΔvirB1-5,4,Bottom,J23117,15.393558047040607
H12,58438,ΔvirB1-5,4,Bottom,J23117,15.834619183299067
A1,66939,ΔvirB1-5,5,Top,J23117,16.030559378350752
A2,91826,ΔvirB1-5,5,Top,J23117,16.486615081774396
A3,107811,ΔvirB1-5,5,Top,J23117,16.718144858796517
A4,54479,ΔvirB1-5,5,Top,J23117,15.733412601469889
A5,60304,ΔvirB1-5,5,Bottom,J23117,15.879966079664356
A6,89749,ΔvirB1-5,5,Bottom,J23117,16.453608243799028
A7,79110,ΔvirB1-5,5,Bottom,J23117,16.27157245147308
A8,49916,ΔvirB1-5,5,Bottom,J23117,15.607214708553757
A9,62702,ΔvirB1-5,6,Top,J23117,15.936223840823395
A10,48138,ΔvirB1-5,6,Top,J23117,15.554888582641025
A11,49019,ΔvirB1-5,6,Top,J23117,15.581053432710618
A12,40697,ΔvirB1-5,6,Top,J23117,15.312634828963766
B1,52150,ΔvirB1-5,6,Bottom,J23117,15.670379632294491
B2,74132,ΔvirB1-5,6,Bottom,J23117,16.177808813791195
B3,60808,ΔvirB1-5,6,Bottom,J23117,15.891973519025555
B4,104879,ΔvirB1-5,6,Bottom,J23117,16.67836630937
B5,73562,ΔvirB1-5,7,Top,J23117,16.16667308375359
B6,64562,ΔvirB1-5,7,Top,J23117,15.978397650627805
B7,72569,ΔvirB1-5,7,Top,J23117,16.147065769404055
B8,48916,ΔvirB1-5,7,Top,J23117,15.578018814974364
B9,78613,ΔvirB1-5,7,Bottom,J23117,16.26248028598643
B10,87381,ΔvirB1-5,7,Bottom,J23117,16.41503199582352
B11,91340,ΔvirB1-5,7,Bottom,J23117,16.478959169265718
B12,136449,ΔvirB1-5,7,Bottom,J23117,17.058002295942764
C1,38228,ΔvirB1-5,8,Top,J23117,15.222342103249112
C2,50242,ΔvirB1-5,8,Top,J23117,15.616606274763289
C3,39317,ΔvirB1-5,8,Top,J23117,15.262865623653143
C4,37906,ΔvirB1-5,8,Top,J23117,15.210138604862246
C5,64428,ΔvirB1-5,8,Bottom,J23117,15.975400190281693
C6,79885,ΔvirB1-5,8,Bottom,J23117,16.285637013401118
C7,76327,ΔvirB1-5,8,Bottom,J23117,16.21990586748335
C8,64967,ΔvirB1-5,8,Bottom,J23117,15.987419466524592
C9,176455,ΔvirB1-5,1,Top,J23101,17.4289407851042
C10,160734,ΔvirB1-5,1,Top,J23101,17.294315608447256
C11,231166,ΔvirB1-5,1,Top,J23101,17.818569695638374
C12,310678,ΔvirB1-5,1,Top,J23101,18.24506055814102
D1,197855,ΔvirB1-5,1,Bottom,J23101,17.594083998600382
D2,204368,ΔvirB1-5,1,Bottom,J23101,17.64080979079316
D3,235739,ΔvirB1-5,1,Bottom,J23101,17.84683092819743
D4,115390,ΔvirB1-5,1,Bottom,J23101,16.816158676101928
D5,159956,ΔvirB1-5,2,Top,J23101,17.287315583851296
D6,145495,ΔvirB1-5,2,Top,J23101,17.150610049569337
D7,110036,ΔvirB1-5,2,Top,J23101,16.74761607568257
D8,157517,ΔvirB1-5,2,Top,J23101,17.265148014110792
D9,177414,ΔvirB1-5,2,Bottom,J23101,17.436760333758063
D10,136940,ΔvirB1-5,2,Bottom,J23101,17.063184391979497
D11,107706,ΔvirB1-5,2,Bottom,J23101,16.716739095062994
D12,215139,ΔvirB1-5,2,Bottom,J23101,17.714909551994015
E1,141537,ΔvirB1-5,3,Top,J23101,17.11081971999401
E2,150198,ΔvirB1-5,3,Top,J23101,17.19650607684098
E3,143849,ΔvirB1-5,3,Top,J23101,17.134195666316547
E4,83454,ΔvirB1-5,3,Top,J23101,16.34869358002843
E5,256795,ΔvirB1-5,3,Bottom,J23101,17.97025758676685
E6,90894,ΔvirB1-5,3,Bottom,J23101,16.471897443430436
E7,156236,ΔvirB1-5,3,Bottom,J23101,17.253367392944433
E8,221733,ΔvirB1-5,3,Bottom,J23101,17.758463973525256
E9,216276,ΔvirB1-5,4,Top,J23101,17.72251405373555
E10,229191,ΔvirB1-5,4,Top,J23101,17.806190867090525
E11,185313,ΔvirB1-5,4,Top,J23101,17.49960456669065
E12,348797,ΔvirB1-5,4,Top,J23101,18.412028105997365
F1,294294,ΔvirB1-5,4,Bottom,J23101,18.166898603672358
F2,287683,ΔvirB1-5,4,Bottom,J23101,18.13412044511314
F3,220796,ΔvirB1-5,4,Bottom,J23101,17.752354510536428
F4,286075,ΔvirB1-5,4,Bottom,J23101,18.12603390096217
F5,133298,ΔvirB1-5,5,Top,J23101,17.02429560886424
F6,309425,ΔvirB1-5,5,Top,J23101,18.2392302385119
F7,98784,ΔvirB1-5,5,Top,J23101,16.591989767615125
F8,176521,ΔvirB1-5,5,Top,J23101,17.429480299823663
F9,162288,ΔvirB1-5,5,Bottom,J23101,17.308196801614532
F10,183301,ΔvirB1-5,5,Bottom,J23101,17.48385513096985
F11,135146,ΔvirB1-5,5,Bottom,J23101,17.044159286601218
F12,146578,ΔvirB1-5,5,Bottom,J23101,17.16130905899539
G1,195457,ΔvirB1-5,6,Top,J23101,17.57649172795348
G2,166619,ΔvirB1-5,6,Top,J23101,17.34619339880673
G3,215135,ΔvirB1-5,6,Top,J23101,17.714882728248387
G4,213521,ΔvirB1-5,6,Top,J23101,17.70401844173438
G5,193366,ΔvirB1-5,6,Bottom,J23101,17.56097461907799
G6,185174,ΔvirB1-5,6,Bottom,J23101,17.4985220206359
G7,239105,ΔvirB1-5,6,Bottom,J23101,17.8672847734524
G8,198166,ΔvirB1-5,6,Bottom,J23101,17.596349930204777
G9,149883,ΔvirB1-5,7,Top,J23101,17.193477233929897
G10,179979,ΔvirB1-5,7,Top,J23101,17.45746905675122
G11,120834,ΔvirB1-5,7,Top,J23101,16.88266692851805
G12,222895,ΔvirB1-5,7,Top,J23101,17.766004728736988
H1,307076,ΔvirB1-5,7,Bottom,J23101,18.228236235093096
H2,223176,ΔvirB1-5,7,Bottom,J23101,17.76782236476405
H3,235389,ΔvirB1-5,7,Bottom,J23101,17.84468737758187
H4,202229,ΔvirB1-5,7,Bottom,J23101,17.625630371560078
H5,191456,ΔvirB1-5,8,Top,J23101,17.546653347654956
H6,215994,ΔvirB1-5,8,Top,J23101,17.720631711406703
H7,243970,ΔvirB1-5,8,Top,J23101,17.896344230781725
H8,245090,ΔvirB1-5,8,Top,J23101,17.902952095953992
H9,295809,ΔvirB1-5,8,Bottom,J23101,18.174306421592664
H10,195523,ΔvirB1-5,8,Bottom,J23101,17.576978800814512
H11,252558,ΔvirB1-5,8,Bottom,J23101,17.946255215582408
H12,305369,ΔvirB1-5,8,Bottom,J23101,18.2201940866165
A1,75813,ΔvirB1-5,1,Top,J23100,16.210157634640197
A2,77934,ΔvirB1-5,1,Top,J23100,16.249965244807385
A3,118897,ΔvirB1-5,1,Top,J23100,16.859352788008813
A4,98804,ΔvirB1-5,1,Top,J23100,16.59228182888318
A5,43888,ΔvirB1-5,1,Bottom,J23100,15.421538906848276
A6,90881,ΔvirB1-5,1,Bottom,J23100,16.471691089030067
A7,45971,ΔvirB1-5,1,Bottom,J23100,15.488436428765933
A8,46047,ΔvirB1-5,1,Bottom,J23100,15.490819546156859
A9,38960,ΔvirB1-5,2,Top,J23100,15.249706056969705
A10,79652,ΔvirB1-5,2,Top,J23100,16.281422966709407
A11,91579,ΔvirB1-5,2,Top,J23100,16.482729191089437
A12,64291,ΔvirB1-5,2,Top,J23100,15.972329170537373
B1,52645,ΔvirB1-5,2,Bottom,J23100,15.684008896218366
B2,32225,ΔvirB1-5,2,Bottom,J23100,14.975892738136375
B3,45328,ΔvirB1-5,2,Bottom,J23100,15.468114886378098
B4,17213,ΔvirB1-5,2,Bottom,J23100,14.071210941653687
B5,98270,ΔvirB1-5,3,Top,J23100,16.584463435413646
B6,92103,ΔvirB1-5,3,Top,J23100,16.49096052842452
B7,89008,ΔvirB1-5,3,Top,J23100,16.441647390253614
B8,100038,ΔvirB1-5,3,Top,J23100,16.610188594416147
B9,202889,ΔvirB1-5,3,Bottom,J23100,17.630331123288688
B10,206303,ΔvirB1-5,3,Bottom,J23100,17.654405275077853
B11,234641,ΔvirB1-5,3,Bottom,J23100,17.8400955991781
B12,165706,ΔvirB1-5,3,Bottom,J23100,17.338266316063944
C1,49834,ΔvirB1-5,4,Top,J23100,15.604842758278044
C2,43761,ΔvirB1-5,4,Top,J23100,15.417358085654255
C3,43458,ΔvirB1-5,4,Top,J23100,15.407334160684483
C4,42914,ΔvirB1-5,4,Top,J23100,15.389160760039358
C5,80506,ΔvirB1-5,4,Bottom,J23100,16.29680868883473
C6,71139,ΔvirB1-5,4,Bottom,J23100,16.118353074146277
C7,80360,ΔvirB1-5,4,Bottom,J23100,16.294189943620655
C8,50539,ΔvirB1-5,4,Bottom,J23100,15.625109497941478
C9,32711,ΔvirB1-5,5,Top,J23100,14.997488243922403
C10,52552,ΔvirB1-5,5,Top,J23100,15.681458050210274
C11,158828,ΔvirB1-5,5,Top,J23100,17.277105743972157
C12,69152,ΔvirB1-5,5,Top,J23100,16.077483356859506
D1,33011,ΔvirB1-5,5,Bottom,J23100,15.010659222235585
D2,116240,ΔvirB1-5,5,Bottom,J23100,16.826747082520203
D3,74841,ΔvirB1-5,5,Bottom,J23100,16.19154121505763
D4,80306,ΔvirB1-5,5,Bottom,J23100,16.293220161150916
D5,65535,ΔvirB1-5,6,Top,J23100,15.999977986052736
D6,113870,ΔvirB1-5,6,Top,J23100,16.797028181517284
D7,69494,ΔvirB1-5,6,Top,J23100,16.084600802796896
D8,67569,ΔvirB1-5,6,Top,J23100,16.044073883393256
D9,120355,ΔvirB1-5,6,Bottom,J23100,16.876936552479922
D10,127773,ΔvirB1-5,6,Bottom,J23100,16.96322348379361
D11,168814,ΔvirB1-5,6,Bottom,J23100,17.365075028322167
D12,125041,ΔvirB1-5,6,Bottom,J23100,16.9320416957091
E1,54389,ΔvirB1-5,7,Top,J23100,15.731027280103485
E2,39725,ΔvirB1-5,7,Top,J23100,15.277759599123243
E3,31057,ΔvirB1-5,7,Top,J23100,14.922630856597424
E4,31674,ΔvirB1-5,7,Top,J23100,14.951011451391784
E5,51948,ΔvirB1-5,7,Bottom,J23100,15.66478058593351
E6,62057,ΔvirB1-5,7,Bottom,J23100,15.921306334396478
E7,58062,ΔvirB1-5,7,Bottom,J23100,15.825306647352575
E8,37785,ΔvirB1-5,7,Bottom,J23100,15.20552600234276
E9,91974,ΔvirB1-5,8,Top,J23100,16.488938464932165
E10,47573,ΔvirB1-5,8,Top,J23100,15.537855385481583
E11,54683,ΔvirB1-5,8,Top,J23100,15.738804773305374
E12,36062,ΔvirB1-5,8,Top,J23100,15.138191790464695
F1,55303,ΔvirB1-5,8,Bottom,J23100,15.755070123440328
F2,63906,ΔvirB1-5,8,Bottom,J23100,15.963663768685379
F3,52325,ΔvirB1-5,8,Bottom,J23100,15.675212786030434
F4,48310,ΔvirB1-5,8,Bottom,J23100,15.56003423231944
F5,11201,ΔvirB6-11,1,Top,J23114,13.451339918139356
F6,9317,ΔvirB6-11,1,Top,J23114,13.185649777969497
F7,20477,ΔvirB6-11,1,Top,J23114,14.321716747126032
F8,15130,ΔvirB6-11,1,Top,J23114,13.8851243671041
F9,19133,ΔvirB6-11,1,Bottom,J23114,14.223775481450371
F10,14808,ΔvirB6-11,1,Bottom,J23114,13.854089179870574
F11,19695,ΔvirB6-11,1,Bottom,J23114,14.265541796501406
F12,10167,ΔvirB6-11,1,Bottom,J23114,13.31160642220515
G1,12352,ΔvirB6-11,2,Top,J23114,13.59245703726808
G2,15873,ΔvirB6-11,2,Top,J23114,13.954287203128496
G3,14323,ΔvirB6-11,2,Top,J23114,13.806046081077954
G4,15913,ΔvirB6-11,2,Top,J23114,13.957918225094003
G5,20263,ΔvirB6-11,2,Bottom,J23114,14.306560164977427
G6,13567,ΔvirB6-11,2,Bottom,J23114,13.727814119936957
G7,18309,ΔvirB6-11,2,Bottom,J23114,14.160265375794546
G8,12841,ΔvirB6-11,2,Bottom,J23114,13.648469937061385
G9,19743,ΔvirB6-11,3,Top,J23114,14.269053607250251
G10,22028,ΔvirB6-11,3,Top,J23114,14.427050893150879
G11,21223,ΔvirB6-11,3,Top,J23114,14.3733409839269
G12,17929,ΔvirB6-11,3,Top,J23114,14.130007402877114
H1,23122,ΔvirB6-11,3,Bottom,J23114,14.496978572599476
H2,23010,ΔvirB6-11,3,Bottom,J23114,14.489973363111451
H3,21139,ΔvirB6-11,3,Bottom,J23114,14.36761950985735
H4,24227,ΔvirB6-11,3,Bottom,J23114,14.564328148223051
H5,19947,ΔvirB6-11,4,Top,J23114,14.28388416306097
H6,21934,ΔvirB6-11,4,Top,J23114,14.420881313035494
H7,19050,ΔvirB6-11,4,Top,J23114,14.217503377268047
H8,16822,ΔvirB6-11,4,Top,J23114,14.0380616201336
H9,11678,ΔvirB6-11,4,Bottom,J23114,13.511505595792482
H10,9324,ΔvirB6-11,4,Bottom,J23114,13.186733289128867
H11,12765,ΔvirB6-11,4,Bottom,J23114,13.639905917294481
H12,17977,ΔvirB6-11,4,Bottom,J23114,14.133864663681132
A1,18314,ΔvirB6-11,5,Top,J23114,14.160659307217383
A2,17829,ΔvirB6-11,5,Top,J23114,14.121938166331798
A3,16487,ΔvirB6-11,5,Top,J23114,14.009041287186484
A4,31465,ΔvirB6-11,5,Top,J23114,14.941460322459413
A5,19461,ΔvirB6-11,5,Bottom,J23114,14.248298224199509
A6,25091,ΔvirB6-11,5,Bottom,J23114,14.614882349949434
A7,11915,ΔvirB6-11,5,Bottom,J23114,13.540491331077634
A8,12498,ΔvirB6-11,5,Bottom,J23114,13.609409624761803
A9,15892,ΔvirB6-11,6,Top,J23114,13.956013078088098
A10,11275,ΔvirB6-11,6,Top,J23114,13.460839813030105
A11,17144,ΔvirB6-11,6,Top,J23114,14.065416134676548
A12,24606,ΔvirB6-11,6,Top,J23114,14.586722529048373
B1,8122,ΔvirB6-11,6,Bottom,J23114,12.987619311924325
B2,16673,ΔvirB6-11,6,Bottom,J23114,14.025226093694991
B3,20089,ΔvirB6-11,6,Bottom,J23114,14.294118130233503
B4,18616,ΔvirB6-11,6,Bottom,J23114,14.184255495405349
B5,20999,ΔvirB6-11,7,Top,J23114,14.358033006041234
B6,26565,ΔvirB6-11,7,Top,J23114,14.697239092360432
B7,24673,ΔvirB6-11,7,Top,J23114,14.59064552372357
B8,29394,ΔvirB6-11,7,Top,J23114,14.843234077004007
B9,22293,ΔvirB6-11,7,Bottom,J23114,14.444303154688676
B10,22700,ΔvirB6-11,7,Bottom,J23114,14.47040467706564
B11,19964,ΔvirB6-11,7,Bottom,J23114,14.285113188501493
B12,23384,ΔvirB6-11,7,Bottom,J23114,14.513234113806053
C1,10573,ΔvirB6-11,8,Top,J23114,13.368097166964054
C2,11462,ΔvirB6-11,8,Top,J23114,13.484571180915806
C3,12872,ΔvirB6-11,8,Top,J23114,13.651948610723446
C4,14690,ΔvirB6-11,8,Top,J23114,13.842546775443642
C5,9281,ΔvirB6-11,8,Bottom,J23114,13.180064544466989
C6,16578,ΔvirB6-11,8,Bottom,J23114,14.016982347533649
C7,13264,ΔvirB6-11,8,Bottom,J23114,13.69522829149575
C8,13078,ΔvirB6-11,8,Bottom,J23114,13.67485430794662
C9,47508,ΔvirB6-11,1,Top,J23117,15.535882852751254
C10,102672,ΔvirB6-11,1,Top,J23117,16.6476832678862
C11,80980,ΔvirB6-11,1,Top,J23117,16.30527802256382
C12,82716,ΔvirB6-11,1,Top,J23117,16.33587880069923
D1,130888,ΔvirB6-11,1,Bottom,J23117,16.997973309427554
D2,107661,ΔvirB6-11,1,Bottom,J23117,16.71613620531865
D3,118223,ΔvirB6-11,1,Bottom,J23117,16.851151210104486
D4,129708,ΔvirB6-11,1,Bottom,J23117,16.984907937869103
D5,105313,ΔvirB6-11,2,Top,J23117,16.684324010305748
D6,131498,ΔvirB6-11,2,Top,J23117,17.00468133165763
D7,124316,ΔvirB6-11,2,Top,J23117,16.923652463788933
D8,115521,ΔvirB6-11,2,Top,J23117,16.81779561042409
D9,122020,ΔvirB6-11,2,Bottom,J23117,16.896758110224994
D10,98453,ΔvirB6-11,2,Bottom,J23117,16.58714754727283
D11,124587,ΔvirB6-11,2,Bottom,J23117,16.926794012991405
D12,113358,ΔvirB6-11,2,Bottom,J23117,16.790526684245613
E1,75055,ΔvirB6-11,3,Top,J23117,16.195660563786166
E2,72550,ΔvirB6-11,3,Top,J23117,16.146687993841468
E3,59530,ΔvirB6-11,3,Top,J23117,15.861329273915475
E4,60854,ΔvirB6-11,3,Top,J23117,15.893064475528709
E5,82019,ΔvirB6-11,3,Bottom,J23117,16.32367053355552
E6,107004,ΔvirB6-11,3,Bottom,J23117,16.707305202580066
E7,126367,ΔvirB6-11,3,Bottom,J23117,16.947260235798304
E8,107479,ΔvirB6-11,3,Bottom,J23117,16.71369527792181
E9,68948,ΔvirB6-11,4,Top,J23117,16.07322108310988
E10,83110,ΔvirB6-11,4,Top,J23117,16.342734455611627
E11,86549,ΔvirB6-11,4,Top,J23117,16.401229530124894
E12,110642,ΔvirB6-11,4,Top,J23117,16.75553961488821
F1,73237,ΔvirB6-11,4,Bottom,J23117,16.16028507492054
F2,92732,ΔvirB6-11,4,Bottom,J23117,16.500779650167875
F3,104302,ΔvirB6-11,4,Bottom,J23117,16.670407296363692
F4,89562,ΔvirB6-11,4,Bottom,J23117,16.45059912477731
F5,71332,ΔvirB6-11,5,Top,J23117,16.122261803827605
F6,62360,ΔvirB6-11,5,Top,J23117,15.928333307585147
F7,84456,ΔvirB6-11,5,Top,J23117,16.36591229947082
F8,67580,ΔvirB6-11,5,Top,J23117,16.044308730051164
F9,49546,ΔvirB6-11,5,Bottom,J23117,15.596480968482835
F10,95597,ΔvirB6-11,5,Bottom,J23117,16.54467772418818
F11,60611,ΔvirB6-11,5,Bottom,J23117,15.887292024820443
F12,75195,ΔvirB6-11,5,Bottom,J23117,16.19834911439086
G1,103773,ΔvirB6-11,6,Top,J23117,16.66307160182149
G2,88050,ΔvirB6-11,6,Top,J23117,16.42603538360593
G3,112244,ΔvirB6-11,6,Top,J23117,16.77627880223977
G4,76876,ΔvirB6-11,6,Top,J23117,16.23024565153139
G5,128372,ΔvirB6-11,6,Bottom,J23117,16.969971036193954
G6,103126,ΔvirB6-11,6,Bottom,J23117,16.65404858349753
G7,129322,ΔvirB6-11,6,Bottom,J23117,16.980608198858253
G8,98732,ΔvirB6-11,6,Bottom,J23117,16.59123013149593
G9,40243,ΔvirB6-11,7,Top,J23117,15.296450237471108
G10,66595,ΔvirB6-11,7,Top,J23117,16.023126242341572
G11,79134,ΔvirB6-11,7,Top,J23117,16.272010062772676
G12,67298,ΔvirB6-11,7,Top,J23117,16.0382760101955
H1,79127,ΔvirB6-11,7,Bottom,J23117,16.27188243985493
H2,91534,ΔvirB6-11,7,Bottom,J23117,16.482020106773774
H3,82228,ΔvirB6-11,7,Bottom,J23117,16.327342118744745
H4,68535,ΔvirB6-11,7,Bottom,J23117,16.064553322816966
H5,80062,ΔvirB6-11,8,Top,J23117,16.288830035170506
H6,66108,ΔvirB6-11,8,Top,J23117,16.012537248286247
H7,67604,ΔvirB6-11,8,Top,J23117,16.044820990101837
H8,67533,ΔvirB6-11,8,Top,J23117,16.043305026933673
H9,66790,ΔvirB6-11,8,Bottom,J23117,16.027344493770062
H10,73486,ΔvirB6-11,8,Bottom,J23117,16.165181804268382
H11,88038,ΔvirB6-11,8,Bottom,J23117,16.425838750780102
H12,30805,ΔvirB6-11,8,Bottom,J23117,14.910876915202044
A1,503903,ΔvirC12,1,Top,J23117,18.94278651989359
A2,494654,ΔvirC12,1,Top,J23117,18.9160602177629
A3,412471,ΔvirC12,1,Top,J23117,18.653933164396648
A4,567470,ΔvirC12,1,Top,J23117,19.114184599007316
A5,290995,ΔvirC12,1,Bottom,J23117,18.15063483878282
A6,242584,ΔvirC12,1,Bottom,J23117,17.888124872867706
A7,184895,ΔvirC12,1,Bottom,J23117,17.496346685805538
A8,223127,ΔvirC12,1,Bottom,J23117,17.767505575240847
A9,623532,ΔvirC12,2,Top,J23117,19.250104076282696
A10,473518,ΔvirC12,2,Top,J23117,18.853059742827735
A11,396133,ΔvirC12,2,Top,J23117,18.595625364907455
A12,466081,ΔvirC12,2,Top,J23117,18.8302211764051
B1,347798,ΔvirC12,2,Bottom,J23117,18.407890110938766
B2,310985,ΔvirC12,2,Bottom,J23117,18.24648546975248
B3,430027,ΔvirC12,2,Bottom,J23117,18.71406771923578
B4,226895,ΔvirC12,2,Bottom,J23117,17.791665291667933
B5,256170,ΔvirC12,3,Top,J23117,17.96674200637932
B6,351796,ΔvirC12,3,Top,J23117,18.424379553571384
B7,398061,ΔvirC12,3,Top,J23117,18.602630004839224
B8,386595,ΔvirC12,3,Top,J23117,18.56046345310895
B9,392326,ΔvirC12,3,Bottom,J23117,18.581693422464905
B10,440616,ΔvirC12,3,Bottom,J23117,18.74916235872105
B11,372841,ΔvirC12,3,Bottom,J23117,18.50820099120012
B12,439275,ΔvirC12,3,Bottom,J23117,18.744764869605397
C1,466667,ΔvirC12,4,Top,J23117,18.83203392626935
C2,364755,ΔvirC12,4,Top,J23117,18.47656822893574
C3,380348,ΔvirC12,4,Top,J23117,18.53696049332153
C4,386699,ΔvirC12,4,Top,J23117,18.560851508066463
C5,341446,ΔvirC12,4,Bottom,J23117,18.38129790744032
C6,361557,ΔvirC12,4,Bottom,J23117,18.463863582567186
C7,399659,ΔvirC12,4,Bottom,J23117,18.6084100523725
C8,393784,ΔvirC12,4,Bottom,J23117,18.58704496813032
C9,286990,ΔvirC12,5,Top,J23117,18.13064094234211
C10,235070,ΔvirC12,5,Top,J23117,17.84273090618447
C11,340901,ΔvirC12,5,Top,J23117,18.37899330592677
C12,259671,ΔvirC12,5,Top,J23117,17.98632537758545
D1,346867,ΔvirC12,5,Bottom,J23117,18.404023067436516
D2,255413,ΔvirC12,5,Bottom,J23117,17.962472431577005
D3,178343,ΔvirC12,5,Bottom,J23117,17.444295065271113
D4,271291,ΔvirC12,5,Bottom,J23117,18.049481661862192
D5,341389,ΔvirC12,6,Top,J23117,18.38105704803059
D6,233478,ΔvirC12,6,Top,J23117,17.832927089527182
D7,470641,ΔvirC12,6,Top,J23117,18.84426748118718
D8,372092,ΔvirC12,6,Top,J23117,18.505299847205258
D9,305945,ΔvirC12,6,Bottom,J23117,18.222912796115942
D10,339140,ΔvirC12,6,Bottom,J23117,18.371521428066796
D11,423140,ΔvirC12,6,Bottom,J23117,18.690775546502977
D12,414063,ΔvirC12,6,Bottom,J23117,18.659490766008634
E1,597997,ΔvirC12,7,Top,J23117,19.1897787212415
E2,627741,ΔvirC12,7,Top,J23117,19.259809913985446
E3,373978,ΔvirC12,7,Top,J23117,18.512593877639443
E4,538671,ΔvirC12,7,Top,J23117,19.03904487248486
E5,518507,ΔvirC12,7,Bottom,J23117,18.9840039404225
E6,461746,ΔvirC12,7,Bottom,J23117,18.81673993796145
E7,556603,ΔvirC12,7,Bottom,J23117,19.08628915901984
E8,408180,ΔvirC12,7,Bottom,J23117,18.63884596938045
E9,465536,ΔvirC12,8,Top,J23117,18.828533210455618
E10,341941,ΔvirC12,8,Top,J23117,18.383387892090695
E11,416309,ΔvirC12,8,Top,J23117,18.667295222237588
E12,364287,ΔvirC12,8,Top,J23117,18.47471598620657
F1,364414,ΔvirC12,8,Bottom,J23117,18.475218859873678
F2,372181,ΔvirC12,8,Bottom,J23117,18.505644881511895
F3,456083,ΔvirC12,8,Bottom,J23117,18.798936870739087
F4,289572,ΔvirC12,8,Bottom,J23117,18.143562583024746
F5,613240,ΔvirC12,1,Top,J23101,19.22609227762974
F6,354937,ΔvirC12,1,Top,J23101,18.43720344876287
F7,389429,ΔvirC12,1,Top,J23101,18.571000797114294
F8,453451,ΔvirC12,1,Top,J23101,18.79058713571682
F9,465300,ΔvirC12,1,Bottom,J23101,18.82780166153197
F10,402056,ΔvirC12,1,Bottom,J23101,18.617036934287743
F11,326734,ΔvirC12,1,Bottom,J23101,18.317757064135165
F12,172836,ΔvirC12,1,Bottom,J23101,17.39904422210091
G1,466672,ΔvirC12,2,Top,J23101,18.83204938362237
G2,215427,ΔvirC12,2,Top,J23101,17.7168395521972
G3,387571,ΔvirC12,2,Top,J23101,18.564101099572117
G4,211254,ΔvirC12,2,Top,J23101,17.688619132875562
G5,464488,ΔvirC12,2,Bottom,J23101,18.82528179964728
G6,302411,ΔvirC12,2,Bottom,J23101,18.206151092027618
G7,333530,ΔvirC12,2,Bottom,J23101,18.347457007674794
G8,290074,ΔvirC12,2,Bottom,J23101,18.14606146369189
G9,418827,ΔvirC12,3,Top,J23101,18.67599492413275
G10,463566,ΔvirC12,3,Top,J23101,18.822415230966314
G11,273617,ΔvirC12,3,Top,J23101,18.06179834301507
G12,458572,ΔvirC12,3,Top,J23101,18.806788742363857
H1,708631,ΔvirC12,3,Bottom,J23101,19.43467505387555
H2,638289,ΔvirC12,3,Bottom,J23101,19.283850259654614
H3,442684,ΔvirC12,3,Bottom,J23101,18.755917705252763
H4,559198,ΔvirC12,3,Bottom,J23101,19.092999675287427
H5,712477,ΔvirC12,4,Top,J23101,19.442483916641525
H6,441834,ΔvirC12,4,Top,J23101,18.753144915637993
H7,750712,ΔvirC12,4,Top,J23101,19.51790001884588
H8,490489,ΔvirC12,4,Top,J23101,18.903861256501305
H9,524742,ΔvirC12,4,Bottom,J23101,19.00124874138863
H10,373747,ΔvirC12,4,Bottom,J23101,18.511702473540215
H11,362534,ΔvirC12,4,Bottom,J23101,18.467756778064196
H12,470497,ΔvirC12,4,Bottom,J23101,18.843825998455618
A1,567082,ΔvirC12,5,Top,J23101,19.113197838245913
A2,371180,ΔvirC12,5,Top,J23101,18.501759451394324
A3,449350,ΔvirC12,5,Top,J23101,18.777480076557705
A4,545878,ΔvirC12,5,Top,J23101,19.058219029131564
A5,308893,ΔvirC12,5,Bottom,J23101,18.236747652039742
A6,357525,ΔvirC12,5,Bottom,J23101,18.447684600565555
A7,378938,ΔvirC12,5,Bottom,J23101,18.531602295367254
A8,409831,ΔvirC12,5,Bottom,J23101,18.644669589715107
A9,325662,ΔvirC12,6,Top,J23101,18.31301586254669
A10,418873,ΔvirC12,6,Top,J23101,18.676153367422582
A11,300340,ΔvirC12,6,Top,J23101,18.196237103706277
A12,445021,ΔvirC12,6,Top,J23101,18.763513891147348
B1,369496,ΔvirC12,6,Bottom,J23101,18.49519922091541
B2,481503,ΔvirC12,6,Bottom,J23101,18.87718526123169
B3,339080,ΔvirC12,6,Bottom,J23101,18.371266166639295
B4,391297,ΔvirC12,6,Bottom,J23101,18.57790452384824
B5,434529,ΔvirC12,7,Top,J23101,18.729092938611213
B6,339812,ΔvirC12,7,Top,J23101,18.37437727467762
B7,255400,ΔvirC12,7,Top,J23101,17.962398999477447
B8,484070,ΔvirC12,7,Top,J23101,18.884856161090955
B9,298460,ΔvirC12,7,Bottom,J23101,18.18717806700394
B10,274003,ΔvirC12,7,Bottom,J23101,18.063832163467247
B11,380522,ΔvirC12,7,Bottom,J23101,18.537620340447823
B12,282753,ΔvirC12,7,Bottom,J23101,18.10918280567989
C1,395137,ΔvirC12,8,Top,J23101,18.591993418745915
C2,283554,ΔvirC12,8,Top,J23101,18.11326398249171
C3,413740,ΔvirC12,8,Top,J23101,18.658364917172968
C4,523908,ΔvirC12,8,Top,J23101,18.998953966358286
C5,411500,ΔvirC12,8,Bottom,J23101,18.65053290508371
C6,394623,ΔvirC12,8,Bottom,J23101,18.590115518230014
C7,304418,ΔvirC12,8,Bottom,J23101,18.2156941412381
C8,300094,ΔvirC12,8,Bottom,J23101,18.195054948798607
C9,98228,ΔvirC12,1,Top,J23100,16.583846704529464
C10,54348,ΔvirC12,1,Top,J23100,15.729939324771268
C11,46033,ΔvirC12,1,Top,J23100,15.490380846532009
C12,91092,ΔvirC12,1,Top,J23100,16.47503673690146
D1,177986,ΔvirC12,1,Bottom,J23100,17.441404240769458
D2,148527,ΔvirC12,1,Bottom,J23100,17.180365689808795
D3,199037,ΔvirC12,1,Bottom,J23100,17.602677120053436
D4,156822,ΔvirC12,1,Bottom,J23100,17.258768438638015
D5,183803,ΔvirC12,2,Top,J23100,17.48780078866877
D6,114041,ΔvirC12,2,Top,J23100,16.799193069550636
D7,164347,ΔvirC12,2,Top,J23100,17.326385596053544
D8,111252,ΔvirC12,2,Top,J23100,16.76347174637334
D9,130118,ΔvirC12,2,Bottom,J23100,16.989461026918836
D10,156048,ΔvirC12,2,Bottom,J23100,17.251630341411513
D11,115147,ΔvirC12,2,Bottom,J23100,16.813117298581002
D12,244609,ΔvirC12,2,Bottom,J23100,17.90011796095337
E1,291265,ΔvirC12,3,Top,J23100,18.15197282418096
E2,236980,ΔvirC12,3,Top,J23100,17.854405782006125
E3,239086,ΔvirC12,3,Top,J23100,17.867170128024984
E4,245062,ΔvirC12,3,Top,J23100,17.90278726765098
E5,270940,ΔvirC12,3,Bottom,J23100,18.047613874774836
E6,180353,ΔvirC12,3,Bottom,J23100,17.460463895616776
E7,259775,ΔvirC12,3,Bottom,J23100,17.986903071075275
E8,292193,ΔvirC12,3,Bottom,J23100,18.156562090681394
E9,147551,ΔvirC12,4,Top,J23100,17.170854172842464
E10,169298,ΔvirC12,4,Top,J23100,17.369205404509557
E11,130153,ΔvirC12,4,Top,J23100,16.989849040387377
E12,197743,ΔvirC12,4,Top,J23100,17.59326709937998
F1,221936,ΔvirC12,4,Bottom,J23100,17.759784178965518
F2,197594,ΔvirC12,4,Bottom,J23100,17.592179614164728
F3,120468,ΔvirC12,4,Bottom,J23100,16.878290447677514
F4,112598,ΔvirC12,4,Bottom,J23100,16.780821676493435
F5,178917,ΔvirC12,5,Top,J23100,17.448930947631464
F6,187856,ΔvirC12,5,Top,J23100,17.51926766990549
F7,174725,ΔvirC12,5,Top,J23100,17.41472652113226
F8,186106,ΔvirC12,5,Top,J23100,17.505765042626503
F9,108340,ΔvirC12,5,Bottom,J23100,16.725206470358415
F10,124048,ΔvirC12,5,Bottom,J23100,16.920538949583786
F11,98260,ΔvirC12,5,Bottom,J23100,16.58431661863838
F12,152808,ΔvirC12,5,Bottom,J23100,17.22136054960499
G1,275478,ΔvirC12,6,Top,J23100,18.07157758249555
G2,190934,ΔvirC12,6,Top,J23100,17.54271450365205
G3,180252,ΔvirC12,6,Top,J23100,17.459655741526067
G4,196931,ΔvirC12,6,Top,J23100,17.587330706173955
G5,213264,ΔvirC12,6,Bottom,J23100,17.70228092673116
G6,128311,ΔvirC12,6,Bottom,J23100,16.96928533126491
G7,142453,ΔvirC12,6,Bottom,J23100,17.12012647896659
G8,132185,ΔvirC12,6,Bottom,J23100,17.012198947398787
G9,118569,ΔvirC12,7,Top,J23100,16.85536733936062
G10,114399,ΔvirC12,7,Top,J23100,16.803714915527358
G11,110884,ΔvirC12,7,Top,J23100,16.758691681361476
G12,107210,ΔvirC12,7,Top,J23100,16.710079953717123
H1,266038,ΔvirC12,7,Bottom,J23100,18.021272804734856
H2,244216,ΔvirC12,7,Bottom,J23100,17.89779819713921
H3,309832,ΔvirC12,7,Bottom,J23100,18.2411266303692
H4,218815,ΔvirC12,7,Bottom,J23100,17.739352114230257
H5,189492,ΔvirC12,8,Top,J23100,17.531777416216002
H6,186699,ΔvirC12,8,Top,J23100,17.51035467463668
H7,171699,ΔvirC12,8,Top,J23100,17.389522111335147
H8,180794,ΔvirC12,8,Top,J23100,17.46398727434766
H9,77920,ΔvirC12,8,Bottom,J23100,16.249706056969703
H10,65015,ΔvirC12,8,Bottom,J23100,15.988484988906315
H11,96479,ΔvirC12,8,Bottom,J23100,16.557927333403143
H12,91182,ΔvirC12,8,Bottom,J23100,16.476461433393904
A1,149699,ΔvirC12,1,Top,J23111,17.19170505855953
A2,323395,ΔvirC12,1,Top,J23111,18.302937847957825
A3,144922,ΔvirC12,1,Top,J23111,17.14491709543016
A4,196065,ΔvirC12,1,Top,J23111,17.580972494244843
A5,232873,ΔvirC12,1,Bottom,J23111,17.829183853254946
A6,182557,ΔvirC12,1,Bottom,J23111,17.477987463240655
A7,150907,ΔvirC12,1,Bottom,J23111,17.20330020297244
A8,116169,ΔvirC12,1,Bottom,J23111,16.82586560761097
A9,37950,ΔvirC12,2,Top,J23111,15.211812265190192
A10,67576,ΔvirC12,2,Top,J23111,16.04422333568961
A11,85986,ΔvirC12,2,Top,J23111,16.39181416291358
A12,118677,ΔvirC12,2,Top,J23111,16.856680837376842
B1,160955,ΔvirC12,2,Bottom,J23111,17.296297868668752
B2,170634,ΔvirC12,2,Bottom,J23111,17.380545616662346
B3,104573,ΔvirC12,2,Bottom,J23111,16.674150880569144
B4,169505,ΔvirC12,2,Bottom,J23111,17.37096830454659
B5,114438,ΔvirC12,3,Top,J23111,16.80420666386473
B6,102492,ΔvirC12,3,Top,J23111,16.645151779184577
B7,127679,ΔvirC12,3,Top,J23111,16.962161731762194
B8,83351,ΔvirC12,3,Top,J23111,16.346911887536024
B9,92499,ΔvirC12,3,Bottom,J23111,16.497150148390947
B10,65568,ΔvirC12,3,Bottom,J23111,16.000704269011248
B11,111883,ΔvirC12,3,Bottom,J23111,16.771631317910355
B12,153061,ΔvirC12,3,Bottom,J23111,17.223747204863205
C1,79434,ΔvirC12,4,Top,J23111,16.2774690334183
C2,65155,ΔvirC12,4,Top,J23111,15.991588275125913
C3,94392,ΔvirC12,4,Top,J23111,16.526376971664067
C4,68786,ΔvirC12,4,Top,J23111,16.06982734293826
C5,96062,ΔvirC12,4,Bottom,J23111,16.551678225185412
C6,91074,ΔvirC12,4,Bottom,J23111,16.474751628694435
C7,98693,ΔvirC12,4,Bottom,J23111,16.590660141805397
C8,75289,ΔvirC12,4,Bottom,J23111,16.20015147678795
C9,98943,ΔvirC12,5,Top,J23111,16.594310022926187
C10,120504,ΔvirC12,5,Top,J23111,16.87872151038902
C11,169301,ΔvirC12,5,Top,J23111,17.36923096917527
C12,111280,ΔvirC12,5,Top,J23111,16.763834799429603
D1,145710,ΔvirC12,5,Bottom,J23111,17.15274036663224
D2,135314,ΔvirC12,5,Bottom,J23111,17.045951587111773
D3,170572,ΔvirC12,5,Bottom,J23111,17.380021317010407
D4,176662,ΔvirC12,5,Bottom,J23111,17.43063222396255
D5,81166,ΔvirC12,6,Top,J23111,16.30858789632335
D6,60247,ΔvirC12,6,Top,J23111,15.878601783665834
D7,88013,ΔvirC12,6,Top,J23111,16.425429012962486
D8,40960,ΔvirC12,6,Top,J23111,15.321928094887362
D9,89075,ΔvirC12,6,Bottom,J23111,16.442732957908024
D10,111403,ΔvirC12,6,Bottom,J23111,16.765428558343178
D11,165261,ΔvirC12,6,Bottom,J23111,17.33438677713671
D12,94832,ΔvirC12,6,Bottom,J23111,16.53308634216761
E1,257499,ΔvirC12,7,Top,J23111,17.974207304022602
E2,108720,ΔvirC12,7,Top,J23111,16.730257835654754
E3,224267,ΔvirC12,7,Top,J23111,17.774857823621982
E4,131977,ΔvirC12,7,Top,J23111,17.009927003436214
E5,109096,ΔvirC12,7,Bottom,J23111,16.73523868071836
E6,138178,ΔvirC12,7,Bottom,J23111,17.076168409863055
E7,148738,ΔvirC12,7,Bottom,J23111,17.18241375268031
E8,92616,ΔvirC12,7,Bottom,J23111,16.49897382926241
E9,36747,ΔvirC12,8,Top,J23111,15.165338853667464
E10,64354,ΔvirC12,8,Top,J23111,15.973742203221766
E11,50459,ΔvirC12,8,Top,J23111,15.622823994715496
E12,62220,ΔvirC12,8,Top,J23111,15.925090774421744
F1,202932,ΔvirC12,8,Bottom,J23111,17.630636853583525
F2,101977,ΔvirC12,8,Bottom,J23111,16.637884276362904
F3,168180,ΔvirC12,8,Bottom,J23111,17.359646624641012
F4,86812,ΔvirC12,8,Bottom,J23111,16.405606859360855
F5,254764,ΔvirD12,1,Top,J23117,17.958801903165885
F6,443856,ΔvirD12,1,Top,J23117,18.759732174025586
F7,462036,ΔvirD12,1,Top,J23117,18.81764573949385
F8,187782,ΔvirD12,1,Top,J23117,17.5186992533214
F9,554406,ΔvirD12,1,Bottom,J23117,19.080583345410144
F10,592130,ΔvirD12,1,Bottom,J23117,19.17555442354409
F11,561642,ΔvirD12,1,Bottom,J23117,19.09929129990489
F12,819690,ΔvirD12,1,Bottom,J23117,19.644718871945095
G1,393640,ΔvirD12,2,Top,J23117,18.586517303014187
G2,500300,ΔvirD12,2,Top,J23117,18.932433926767427
G3,389209,ΔvirD12,2,Top,J23117,18.570185545566225
G4,531019,ΔvirD12,2,Top,J23117,19.018403956399162
G5,283212,ΔvirD12,2,Bottom,J23117,18.11152286970841
G6,400809,ΔvirD12,2,Bottom,J23117,18.61255537845294
G7,261758,ΔvirD12,2,Bottom,J23117,17.997874104750316
G8,305227,ΔvirD12,2,Bottom,J23117,18.21952306125931
G9,735019,ΔvirD12,3,Top,J23117,19.48742201806131
G10,632434,ΔvirD12,3,Top,J23117,19.27055540429762
G11,376089,ΔvirD12,3,Top,J23117,18.52071458491626
G12,533147,ΔvirD12,3,Top,J23117,19.02417384406547
H1,669399,ΔvirD12,3,Bottom,J23117,19.35250687025343
H2,677714,ΔvirD12,3,Bottom,J23117,19.37031704893154
H3,676583,ΔvirD12,3,Bottom,J23117,19.367907402494204
H4,811833,ΔvirD12,3,Bottom,J23117,19.63082345942033
H5,831772,ΔvirD12,4,Top,J23117,19.665828594692716
H6,766935,ΔvirD12,4,Top,J23117,19.54874478469252
H7,666036,ΔvirD12,4,Top,J23117,19.345240633141486
H8,594561,ΔvirD12,4,Top,J23117,19.181465307759904
H9,462888,ΔvirD12,4,Bottom,J23117,18.820303636840016
H10,324689,ΔvirD12,4,Bottom,J23117,18.308698983439417
H11,442478,ΔvirD12,4,Bottom,J23117,18.755246200638265
H12,674371,ΔvirD12,4,Bottom,J23117,19.363182971784784
A1,446179,ΔvirD12,5,Top,J23117,18.767263087281925
A2,376296,ΔvirD12,5,Top,J23117,18.521508428177352
A3,302973,ΔvirD12,5,Top,J23117,18.20882970542307
A4,474479,ΔvirD12,5,Top,J23117,18.85598471075317
A5,567048,ΔvirD12,5,Bottom,J23117,19.113111337348474
A6,459985,ΔvirD12,5,Bottom,J23117,18.81122729043591
A7,554209,ΔvirD12,5,Bottom,J23117,19.080070613891905
A8,640304,ΔvirD12,5,Bottom,J23117,19.288397496991358
A9,395712,ΔvirD12,6,Top,J23117,18.594091290260412
A10,363503,ΔvirD12,6,Top,J23117,18.471607745231648
A11,410557,ΔvirD12,6,Top,J23117,18.647223008032054
A12,408602,ΔvirD12,6,Top,J23117,18.640336740140405
B1,377422,ΔvirD12,6,Bottom,J23117,18.525818994793923
B2,311088,ΔvirD12,6,Bottom,J23117,18.246963219439635
B3,235546,ΔvirD12,6,Bottom,J23117,17.845649307061784
B4,396912,ΔvirD12,6,Bottom,J23117,18.59845965501286
B5,612521,ΔvirD12,7,Top,J23117,19.22439978153406
B6,555411,ΔvirD12,7,Top,J23117,19.08319622467297
B7,440844,ΔvirD12,7,Top,J23117,18.749908698831003
B8,388756,ΔvirD12,7,Top,J23117,18.56850541618409
B9,613920,ΔvirD12,7,Bottom,J23117,19.227691144490155
B10,632847,ΔvirD12,7,Bottom,J23117,19.27149722366114
B11,508305,ΔvirD12,7,Bottom,J23117,18.955334896526978
B12,365346,ΔvirD12,7,Bottom,J23117,18.478903886482833
C1,499877,ΔvirD12,8,Top,J23117,18.931213622683888
C2,556074,ΔvirD12,8,Top,J23117,19.084917357977613
C3,381728,ΔvirD12,8,Top,J23117,18.54218548750218
C4,425804,ΔvirD12,8,Top,J23117,18.699829976958483
C5,524142,ΔvirD12,8,Bottom,J23117,18.99959819257875
C6,525150,ΔvirD12,8,Bottom,J23117,19.002370036924386
C7,502373,ΔvirD12,8,Bottom,J23117,18.938399403210855
C8,485801,ΔvirD12,8,Bottom,J23117,18.89000593413796
C9,1048473,ΔvirD12,1,Top,J23101,19.999858279335076
C10,795360,ΔvirD12,1,Top,J23101,19.60124848282997
C11,729546,ΔvirD12,1,Top,J23101,19.476639421571914
C12,1047334,ΔvirD12,1,Top,J23101,19.99829016756395
D1,956783,ΔvirD12,1,Bottom,J23101,19.86783223057653
D2,704859,ΔvirD12,1,Bottom,J23101,19.426975164082318
D3,771185,ΔvirD12,1,Bottom,J23101,19.55671746501393
D4,902414,ΔvirD12,1,Bottom,J23101,19.783429924236792
D5,757631,ΔvirD12,2,Top,J23101,19.531135837227374
D6,800589,ΔvirD12,2,Top,J23101,19.61070226783592
D7,1149436,ΔvirD12,2,Top,J23101,20.132494709105295
D8,946896,ΔvirD12,2,Top,J23101,19.852846453959824
D9,611605,ΔvirD12,2,Bottom,J23101,19.22224067552029
D10,492196,ΔvirD12,2,Bottom,J23101,18.90887340772331
D11,503713,ΔvirD12,2,Bottom,J23101,18.942242439487927
D12,648872,ΔvirD12,2,Bottom,J23101,19.307574386901532
E1,826978,ΔvirD12,3,Top,J23101,19.6574894244947
E2,804401,ΔvirD12,3,Top,J23101,19.617555349583487
E3,902932,ΔvirD12,3,Top,J23101,19.78425781656512
E4,834260,ΔvirD12,3,Top,J23101,19.6701375490586
E5,588711,ΔvirD12,3,Bottom,J23101,19.167200058936782
E6,806664,ΔvirD12,3,Bottom,J23101,19.6216083468552
E7,536242,ΔvirD12,3,Bottom,J23101,19.03252469416523
E8,822048,ΔvirD12,3,Bottom,J23101,19.64886311085005
E9,818281,ΔvirD12,4,Top,J23101,19.642236828228814
E10,483185,ΔvirD12,4,Top,J23101,18.882216142755613
E11,808806,ΔvirD12,4,Top,J23101,19.62543417412351
E12,782912,ΔvirD12,4,Top,J23101,19.578490630869627
F1,654136,ΔvirD12,4,Bottom,J23101,19.31923108894872
F2,731658,ΔvirD12,4,Bottom,J23101,19.480809919391795
F3,964024,ΔvirD12,4,Bottom,J23101,19.878709538163807
F4,417265,ΔvirD12,4,Bottom,J23101,18.67060438750375
F5,771863,ΔvirD12,5,Top,J23101,19.557985276903995
F6,1043350,ΔvirD12,5,Top,J23101,19.992791771823498
F7,911624,ΔvirD12,5,Top,J23101,19.798079380857928
F8,954919,ΔvirD12,5,Top,J23101,19.86501883768534
F9,746596,ΔvirD12,5,Bottom,J23101,19.509968253643528
F10,667824,ΔvirD12,5,Bottom,J23101,19.349108415784546
F11,789518,ΔvirD12,5,Bottom,J23101,19.59061263249789
F12,633989,ΔvirD12,5,Bottom,J23101,19.274098283597834
G1,1034363,ΔvirD12,6,Top,J23101,19.98031114414103
G2,842957,ΔvirD12,6,Top,J23101,19.68509951430051
G3,959183,ΔvirD12,6,Top,J23101,19.871446563930157
G4,837771,ΔvirD12,6,Top,J23101,19.67619641965783
G5,599345,ΔvirD12,6,Bottom,J23101,19.193027172789623
G6,569456,ΔvirD12,6,Bottom,J23101,19.119224848355927
G7,850860,ΔvirD12,6,Bottom,J23101,19.698562245688326
G8,377840,ΔvirD12,6,Bottom,J23101,18.527415915037928
G9,828638,ΔvirD12,7,Top,J23101,19.66038245593484
G10,693898,ΔvirD12,7,Top,J23101,19.404364082904316
G11,897687,ΔvirD12,7,Top,J23101,19.77585297701698
G12,739833,ΔvirD12,7,Top,J23101,19.49684012725685
H1,576310,ΔvirD12,7,Bottom,J23101,19.13648552769471
H2,672110,ΔvirD12,7,Bottom,J23101,19.358337843553
H3,848640,ΔvirD12,7,Bottom,J23101,19.69479315499995
H4,729643,ΔvirD12,7,Bottom,J23101,19.476831228691033
H5,763133,ΔvirD12,8,Top,J23101,19.541574988533355
H6,949954,ΔvirD12,8,Top,J23101,19.857498129376566
H7,1151662,ΔvirD12,8,Top,J23101,20.13528593326243
H8,796092,ΔvirD12,8,Top,J23101,19.602575639218482
H9,803805,ΔvirD12,8,Bottom,J23101,19.616486026022034
H10,785387,ΔvirD12,8,Bottom,J23101,19.58304419264643
H11,955058,ΔvirD12,8,Bottom,J23101,19.865228824099876
H12,831332,ΔvirD12,8,Bottom,J23101,19.665065219903404
A1,1004032,ΔvirD12,1,Top,J23100,19.93737382019215
A2,840899,ΔvirD12,1,Top,J23100,19.68157300387146
A3,780481,ΔvirD12,1,Top,J23100,19.57400398615387
A4,684363,ΔvirD12,1,Top,J23100,19.384402237245624
A5,522531,ΔvirD12,1,Bottom,J23100,18.995157104395105
A6,565612,ΔvirD12,1,Bottom,J23100,19.1094532030651
A7,448818,ΔvirD12,1,Bottom,J23100,18.775771011323783
A8,542922,ΔvirD12,1,Bottom,J23100,19.050385419618856
A9,347943,ΔvirD12,2,Top,J23100,18.408491457658183
A10,799545,ΔvirD12,2,Top,J23100,19.608819708204777
A11,475445,ΔvirD12,2,Top,J23100,18.858918932627557
A12,702818,ΔvirD12,2,Top,J23100,19.42279161538212
B1,579558,ΔvirD12,2,Bottom,J23100,19.14459352242477
B2,504961,ΔvirD12,2,Bottom,J23100,18.945812441946156
B3,465930,ΔvirD12,2,Bottom,J23100,18.8297536991906
B4,418899,ΔvirD12,2,Bottom,J23100,18.676242914628922
B5,774577,ΔvirD12,3,Top,J23100,19.56304913759163
B6,1019682,ΔvirD12,3,Top,J23100,19.959687869998287
B7,773982,ΔvirD12,3,Top,J23100,19.5619404893689
B8,1224035,ΔvirD12,3,Top,J23100,20.223213380299597
B9,614516,ΔvirD12,3,Bottom,J23100,19.229091048615135
B10,708225,ΔvirD12,3,Bottom,J23100,19.433848245501753
B11,533986,ΔvirD12,3,Bottom,J23100,19.02644239238833
B12,631627,ΔvirD12,3,Bottom,J23100,19.268713317474006
C1,637809,ΔvirD12,4,Top,J23100,19.282764929762575
C2,563931,ΔvirD12,4,Top,J23100,19.105159126338247
C3,553951,ΔvirD12,4,Top,J23100,19.07939884207687
C4,601605,ΔvirD12,4,Top,J23100,19.198457031886583
C5,420185,ΔvirD12,4,Bottom,J23100,18.680665135229603
C6,591019,ΔvirD12,4,Bottom,J23100,19.17284498515293
C7,478488,ΔvirD12,4,Bottom,J23100,18.868123218254535
C8,595250,ΔvirD12,4,Bottom,J23100,19.183136189932423
C9,707920,ΔvirD12,5,Top,J23100,19.433226809145623
C10,931587,ΔvirD12,5,Top,J23100,19.829330981776067
C11,628869,ΔvirD12,5,Top,J23100,19.262399994349636
C12,983229,ΔvirD12,5,Top,J23100,19.907167942567217
D1,704529,ΔvirD12,5,Bottom,J23100,19.4262995667703
D2,579346,ΔvirD12,5,Bottom,J23100,19.144065693800346
D3,450755,ΔvirD12,5,Bottom,J23100,18.781983969278446
D4,562481,ΔvirD12,5,Bottom,J23100,19.10144483891096
D5,898821,ΔvirD12,6,Top,J23100,19.777674306388914
D6,920879,ΔvirD12,6,Top,J23100,19.81265207856221
D7,910637,ΔvirD12,6,Top,J23100,19.796516552981345
D8,957575,ΔvirD12,6,Top,J23100,19.86902596188235
D9,832869,ΔvirD12,6,Bottom,J23100,19.667730069772276
D10,840509,ΔvirD12,6,Bottom,J23100,19.680903742067024
D11,731022,ΔvirD12,6,Bottom,J23100,19.47955529896377
D12,651142,ΔvirD12,6,Bottom,J23100,19.312612672752635
E1,779032,ΔvirD12,7,Top,J23100,19.57132306497423
E2,733695,ΔvirD12,7,Top,J23100,19.48482092792183
E3,762859,ΔvirD12,7,Top,J23100,19.54105690135406
E4,650278,ΔvirD12,7,Top,J23100,19.310697090237447
E5,439101,ΔvirD12,7,Bottom,J23100,18.74419329447038
E6,633362,ΔvirD12,7,Bottom,J23100,19.272670786614853
E7,807244,ΔvirD12,7,Bottom,J23100,19.622645287200918
E8,845320,ΔvirD12,7,Bottom,J23100,19.689138058458592
E9,296306,ΔvirD12,8,Top,J23100,18.176728314649623
E10,425623,ΔvirD12,8,Top,J23100,18.699216588361846
E11,297225,ΔvirD12,8,Top,J23100,18.181195942463866
E12,242826,ΔvirD12,8,Top,J23100,17.889563377343595
F1,401405,ΔvirD12,8,Bottom,J23100,18.614699061815664
F2,345056,ΔvirD12,8,Bottom,J23100,18.396470993910388
F3,612227,ΔvirD12,8,Bottom,J23100,19.22370714541599
F4,504252,ΔvirD12,8,Bottom,J23100,18.943785375405657
F5,519489,ΔvirD4,1,Top,J23114,18.986733675320938
F6,646483,ΔvirD4,1,Top,J23114,19.302252907677044
F7,500705,ΔvirD4,1,Top,J23114,18.933601336567463
F8,499001,ΔvirD4,1,Top,J23114,18.92868318116888
F9,106139,ΔvirD4,1,Bottom,J23114,16.69559533585657
F10,387440,ΔvirD4,1,Bottom,J23114,18.563613382488988
F11,339010,ΔvirD4,1,Bottom,J23114,18.37096830454659
F12,416985,ΔvirD4,1,Bottom,J23114,18.669635961668288
G1,720719,ΔvirD4,2,Top,J23114,19.45907735342291
G2,472925,ΔvirD4,2,Top,J23114,18.851251882721638
G3,676876,ΔvirD4,2,Top,J23114,19.368532038561618
G4,668878,ΔvirD4,2,Top,J23114,19.35138356894245
G5,416214,ΔvirD4,2,Bottom,J23114,18.666965967599626
G6,467412,ΔvirD4,2,Bottom,J23114,18.83433524774937
G7,330028,ΔvirD4,2,Bottom,J23114,18.332228904203344
G8,457908,ΔvirD4,2,Bottom,J23114,18.804698244644836
G9,470297,ΔvirD4,3,Top,J23114,18.843212603785744
G10,535298,ΔvirD4,3,Top,J23114,19.029982736849718
G11,594904,ΔvirD4,3,Top,J23114,19.18229735311263
G12,456872,ΔvirD4,3,Top,J23114,18.801430502233853
H1,610243,ΔvirD4,3,Bottom,J23114,19.219024315613733
H2,801425,ΔvirD4,3,Bottom,J23114,19.612207988964027
H3,612848,ΔvirD4,3,Bottom,J23114,19.225169772107627
H4,834195,ΔvirD4,3,Bottom,J23114,19.670025139460854
H5,475142,ΔvirD4,4,Top,J23114,18.857999213312663
H6,487621,ΔvirD4,4,Top,J23114,18.895400733174817
H7,593214,ΔvirD4,4,Top,J23114,19.178193120597925
H8,377266,ΔvirD4,4,Top,J23114,18.525222561752496
H9,414302,ΔvirD4,4,Bottom,J23114,18.660323259231646
H10,394026,ΔvirD4,4,Bottom,J23114,18.587931304203426
H11,352519,ΔvirD4,4,Bottom,J23114,18.42734149213849
H12,394858,ΔvirD4,4,Bottom,J23114,18.590974394744133
A1,875065,ΔvirD4,5,Top,J23114,19.739030659032924
A2,1019504,ΔvirD4,5,Top,J23114,19.959436005069897
A3,762032,ΔvirD4,5,Top,J23114,19.53949205650182
A4,833019,ΔvirD4,5,Top,J23114,19.66798987626193
A5,557231,ΔvirD4,5,Bottom,J23114,19.087915994942758
A6,526597,ΔvirD4,5,Bottom,J23114,19.006339776873862
A7,403036,ΔvirD4,5,Bottom,J23114,18.62054918341795
A8,423146,ΔvirD4,5,Bottom,J23114,18.69079600334675
A9,1107144,ΔvirD4,6,Top,J23114,20.078411446886268
A10,1089227,ΔvirD4,6,Top,J23114,20.05487321910581
A11,977755,ΔvirD4,6,Top,J23114,19.899113483003582
A12,960374,ΔvirD4,6,Top,J23114,19.8732368207594
B1,577675,ΔvirD4,6,Bottom,J23114,19.139898535054865
B2,560808,ΔvirD4,6,Bottom,J23114,19.097147404166957
B3,647426,ΔvirD4,6,Bottom,J23114,19.30435577838036
B4,604234,ΔvirD4,6,Bottom,J23114,19.204747840646505
B5,768707,ΔvirD4,7,Top,J23114,19.552074280430606
B6,719950,ΔvirD4,7,Top,J23114,19.457537190357264
B7,512013,ΔvirD4,7,Top,J23114,18.965820915125825
B8,546388,ΔvirD4,7,Top,J23114,19.059566273345563
B9,353799,ΔvirD4,7,Bottom,J23114,18.432570444745906
B10,264075,ΔvirD4,7,Bottom,J23114,18.010588202359013
B11,333491,ΔvirD4,7,Bottom,J23114,18.347288302021873
B12,481222,ΔvirD4,7,Bottom,J23114,18.876343074069208
C1,793794,ΔvirD4,8,Top,J23114,19.598405132008924
C2,527191,ΔvirD4,8,Top,J23114,19.007966215863583
C3,639623,ΔvirD4,8,Top,J23114,19.28686229159987
C4,812948,ΔvirD4,8,Top,J23114,19.63280354808841
C5,513910,ΔvirD4,8,Bottom,J23114,18.97115619976541
C6,494804,ΔvirD4,8,Bottom,J23114,18.916497637557963
C7,557459,ΔvirD4,8,Bottom,J23114,19.088506176022538
C8,550504,ΔvirD4,8,Bottom,J23114,19.070393520986126
C9,171725,ΔvirD4,1,Top,J23117,17.389740558916763
C10,230730,ΔvirD4,1,Top,J23117,17.81584607289798
C11,275509,ΔvirD4,1,Top,J23117,18.071739922246998
C12,234680,ΔvirD4,1,Top,J23117,17.840335371558727
D1,222820,ΔvirD4,1,Bottom,J23117,17.765519207140954
D2,199826,ΔvirD4,1,Bottom,J23117,17.60838478344642
D3,228596,ΔvirD4,1,Bottom,J23117,17.80244063376063
D4,155369,ΔvirD4,1,Bottom,J23117,17.245339153165038
D5,157523,ΔvirD4,2,Top,J23117,17.265202966943743
D6,167006,ΔvirD4,2,Top,J23117,17.349540409559786
D7,129402,ΔvirD4,2,Top,J23117,16.981500389818112
D8,195610,ΔvirD4,2,Top,J23117,17.577620600256786
D9,180890,ΔvirD4,2,Bottom,J23117,17.464753129221954
D10,150958,ΔvirD4,2,Bottom,J23117,17.2037876887544
D11,163754,ΔvirD4,2,Bottom,J23117,17.321170622062056
D12,157973,ΔvirD4,2,Bottom,J23117,17.269318475277633
E1,208750,ΔvirD4,3,Top,J23117,17.6714166720235
E2,142381,ΔvirD4,3,Top,J23117,17.119397113475415
E3,203386,ΔvirD4,3,Top,J23117,17.633860849671024
E4,227556,ΔvirD4,3,Top,J23117,17.795862100980774
E5,124725,ΔvirD4,3,Bottom,J23117,16.92839114378315
E6,188040,ΔvirD4,3,Bottom,J23117,17.520680060081098
E7,192478,ΔvirD4,3,Bottom,J23117,17.554334031388706
E8,153658,ΔvirD4,3,Bottom,J23117,17.229363355327166
E9,356998,ΔvirD4,4,Top,J23117,18.445556466343387
E10,186939,ΔvirD4,4,Top,J23117,17.51220805602419
E11,211322,ΔvirD4,4,Top,J23117,17.689083443501943
E12,172786,ΔvirD4,4,Top,J23117,17.398626802188126
F1,210783,ΔvirD4,4,Bottom,J23117,17.685398990346037
F2,183545,ΔvirD4,4,Bottom,J23117,17.4857742885558
F3,168653,ΔvirD4,4,Bottom,J23117,17.363698455684215
F4,135569,ΔvirD4,4,Bottom,J23117,17.048667795541956
F5,348489,ΔvirD4,5,Top,J23117,18.410753592809108
F6,239904,ΔvirD4,5,Top,J23117,17.87209768680786
F7,237299,ΔvirD4,5,Top,J23117,17.856346495330744
F8,250811,ΔvirD4,5,Top,J23117,17.936241097287454
F9,180884,ΔvirD4,5,Bottom,J23117,17.464705275201236
F10,129836,ΔvirD4,5,Bottom,J23117,16.98633093343213
F11,185590,ΔvirD4,5,Bottom,J23117,17.501759451394324
F12,211126,ΔvirD4,5,Bottom,J23117,17.68774473081634
G1,213780,ΔvirD4,6,Top,J23117,17.705767363741817
G2,172544,ΔvirD4,6,Top,J23117,17.396604781181857
G3,151897,ΔvirD4,6,Top,J23117,17.212733851005822
G4,196910,ΔvirD4,6,Top,J23117,17.587176854259667
G5,149152,ΔvirD4,6,Bottom,J23117,17.186423797538943
G6,151969,ΔvirD4,6,Bottom,J23117,17.21341753424046
G7,147858,ΔvirD4,6,Bottom,J23117,17.173852778416443
G8,135917,ΔvirD4,6,Bottom,J23117,17.05236638883374
G9,171456,ΔvirD4,7,Top,J23117,17.38747886584238
G10,371817,ΔvirD4,7,Top,J23117,18.504233208263354
G11,241443,ΔvirD4,7,Top,J23117,17.8813231114339
G12,195462,ΔvirD4,7,Top,J23117,17.576528633170188
H1,150632,ΔvirD4,7,Bottom,J23117,17.200668760630073
H2,147438,ΔvirD4,7,Bottom,J23117,17.169748880458037
H3,156018,ΔvirD4,7,Bottom,J23117,17.251352958733744
H4,138922,ΔvirD4,7,Bottom,J23117,17.08391556027602
H5,139752,ΔvirD4,8,Top,J23117,17.092509404155976
H6,208090,ΔvirD4,8,Top,J23117,17.66684811083608
H7,149314,ΔvirD4,8,Top,J23117,17.187989916424012
H8,173588,ΔvirD4,8,Top,J23117,17.405307693308657
H9,149668,ΔvirD4,8,Bottom,J23117,17.191406271141897
H10,150398,ΔvirD4,8,Bottom,J23117,17.198425856550323
H11,143764,ΔvirD4,8,Bottom,J23117,17.133342929604048
H12,177282,ΔvirD4,8,Bottom,J23117,17.435686536736448
A1,500038,ΔvirD5,1,Top,J23114,18.93167820998099
A2,317682,ΔvirD5,1,Top,J23114,18.277223823076774
A3,320545,ΔvirD5,1,Top,J23114,18.290167379547945
A4,803257,ΔvirD5,1,Top,J23114,19.61550212258452
A5,219565,ΔvirD5,1,Bottom,J23114,17.744288572719956
A6,282616,ΔvirD5,1,Bottom,J23114,18.108483619044364
A7,225038,ΔvirD5,1,Bottom,J23114,17.779809110468577
A8,178088,ΔvirD5,1,Bottom,J23114,17.442230781871565
A9,256473,ΔvirD5,2,Top,J23114,17.968447429639927
A10,369806,ΔvirD5,2,Top,J23114,18.49640910669656
A11,321548,ΔvirD5,2,Top,J23114,18.294674590506386
A12,345824,ΔvirD5,2,Top,J23114,18.399678469152942
B1,333946,ΔvirD5,2,Bottom,J23114,18.34925530818213
B2,224204,ΔvirD5,2,Bottom,J23114,17.774452491780355
B3,230246,ΔvirD5,2,Bottom,J23114,17.812816567429685
B4,272994,ΔvirD5,2,Bottom,J23114,18.058509717650182
B5,331377,ΔvirD5,3,Top,J23114,18.338113946828855
B6,573229,ΔvirD5,3,Top,J23114,19.12875207269329
B7,459571,ΔvirD5,3,Top,J23114,18.80992823787732
B8,519687,ΔvirD5,3,Top,J23114,18.98728344479512
B9,242217,ΔvirD5,3,Bottom,J23114,17.88594059857311
B10,225084,ΔvirD5,3,Bottom,J23114,17.780103981512923
B11,150090,ΔvirD5,3,Bottom,J23114,17.195468332601223
B12,288355,ΔvirD5,3,Bottom,J23114,18.137486513002
C1,563038,ΔvirD5,4,Top,J23114,19.102872768965234
C2,488663,ΔvirD5,4,Top,J23114,18.898480346900808
C3,531186,ΔvirD5,4,Top,J23114,19.018857597784418
C4,404467,ΔvirD5,4,Top,J23114,18.62566247405504
C5,260971,ΔvirD5,4,Bottom,J23114,17.9935299728768
C6,256735,ΔvirD5,4,Bottom,J23114,17.969920462537118
C7,368864,ΔvirD5,4,Bottom,J23114,18.492729467709616
C8,277952,ΔvirD5,4,Bottom,J23114,18.08447623745389
C9,312059,ΔvirD5,5,Top,J23114,18.251459295063807
C10,212428,ΔvirD5,5,Top,J23114,17.696614413831128
C11,392685,ΔvirD5,5,Top,J23114,18.58301296462619
C12,466725,ΔvirD5,5,Top,J23114,18.832213221383256
D1,383201,ΔvirD5,5,Bottom,J23114,18.547741800367792
D2,391082,ΔvirD5,5,Bottom,J23114,18.577111610332928
D3,506752,ΔvirD5,5,Bottom,J23114,18.950920352030096
D4,413168,ΔvirD5,5,Bottom,J23114,18.656368995752423
D5,341655,ΔvirD5,6,Top,J23114,18.382180714735156
D6,366149,ΔvirD5,6,Top,J23114,18.48207133009675
D7,463489,ΔvirD5,6,Top,J23114,18.822175574164067
D8,467235,ΔvirD5,6,Top,J23114,18.833788823216278
D9,284030,ΔvirD5,6,Bottom,J23114,18.115683793481654
D10,389871,ΔvirD5,6,Bottom,J23114,18.572637320343986
D11,403986,ΔvirD5,6,Bottom,J23114,18.62394577216502
D12,247433,ΔvirD5,6,Bottom,J23114,17.916678399009054
E1,313411,ΔvirD5,7,Top,J23114,18.257696290389465
E2,483552,ΔvirD5,7,Top,J23114,18.883311516379344
E3,361825,ΔvirD5,7,Top,J23114,18.46493256766399
E4,508652,ΔvirD5,7,Top,J23114,18.95631943215359
E5,170702,ΔvirD5,7,Bottom,J23114,17.381120435984528
E6,402522,ΔvirD5,7,Bottom,J23114,18.618708110890207
E7,481413,ΔvirD5,7,Bottom,J23114,18.876915575082418
E8,329347,ΔvirD5,7,Bottom,J23114,18.329248883207185
E9,434038,ΔvirD5,8,Top,J23114,18.72746183049743
E10,274872,ΔvirD5,8,Top,J23114,18.068400427782663
E11,381453,ΔvirD5,8,Top,J23114,18.541145783543577
E12,341652,ΔvirD5,8,Top,J23114,18.382168046680757
F1,281845,ΔvirD5,8,Bottom,J23114,18.10454244837615
F2,387725,ΔvirD5,8,Bottom,J23114,18.564674235611044
F3,340107,ΔvirD5,8,Bottom,J23114,18.375629173988475
F4,307271,ΔvirD5,8,Bottom,J23114,18.229152087347348
F5,299814,ΔvirD5,1,Top,J23117,18.193708226831966
F6,357969,ΔvirD5,1,Top,J23117,18.449475130410327
F7,431724,ΔvirD5,1,Top,J23117,18.719749770429488
F8,326958,ΔvirD5,1,Top,J23117,18.31874579797865
F9,239964,ΔvirD5,1,Bottom,J23117,17.87245845978253
F10,278110,ΔvirD5,1,Bottom,J23117,18.085296095033065
F11,273526,ΔvirD5,1,Bottom,J23117,18.06131844927639
F12,279074,ΔvirD5,1,Bottom,J23117,18.09028819605209
G1,386426,ΔvirD5,2,Top,J23117,18.559832641097906
G2,273636,ΔvirD5,2,Top,J23117,18.061898520467867
G3,337388,ΔvirD5,2,Top,J23117,18.36404913612286
G4,326900,ΔvirD5,2,Top,J23117,18.31848985154199
G5,285714,ΔvirD5,2,Bottom,J23117,18.124212204570807
G6,612220,ΔvirD5,2,Bottom,J23117,19.223690650026175
G7,472196,ΔvirD5,2,Bottom,J23117,18.849026294900856
G8,94321,ΔvirD5,2,Bottom,J23117,16.52529139353499
G9,223512,ΔvirD5,3,Top,J23117,17.769992763902437
G10,329030,ΔvirD5,3,Top,J23117,18.32785960513914
G11,308381,ΔvirD5,3,Top,J23117,18.234354354961514
G12,302047,ΔvirD5,3,Top,J23117,18.20441353190479
H1,292183,ΔvirD5,3,Bottom,J23117,18.15651271510673
H2,247419,ΔvirD5,3,Bottom,J23117,17.916596767609857
H3,215275,ΔvirD5,3,Bottom,J23117,17.715821262728753
H4,257756,ΔvirD5,3,Bottom,J23117,17.975646485229017
H5,302009,ΔvirD5,4,Top,J23117,18.20423201756961
H6,223863,ΔvirD5,4,Top,J23117,17.772256574188017
H7,268294,ΔvirD5,4,Top,J23117,18.033455265647113
H8,172145,ΔvirD5,4,Top,J23117,17.39326475246946
H9,146827,ΔvirD5,4,Bottom,J23117,17.163757764037385
H10,161390,ΔvirD5,4,Bottom,J23117,17.300191663973454
H11,134490,ΔvirD5,4,Bottom,J23117,17.037139379659205
H12,180264,ΔvirD5,4,Bottom,J23117,17.459751783535282
A1,540417,ΔvirD5,5,Top,J23117,19.04371353294559
A2,964063,ΔvirD5,5,Top,J23117,19.878767901823334
A3,887872,ΔvirD5,5,Top,J23117,19.759992179981
A4,291131,ΔvirD5,5,Top,J23117,18.151308942083933
A5,194044,ΔvirD5,5,Bottom,J23117,17.56602429893316
A6,321001,ΔvirD5,5,Bottom,J23117,18.292218266154464
A7,444228,ΔvirD5,5,Bottom,J23117,18.760940804260112
A8,237456,ΔvirD5,5,Bottom,J23117,17.857300684879778
A9,439488,ΔvirD5,6,Top,J23117,18.745464248276843
A10,461526,ΔvirD5,6,Top,J23117,18.81605239861226
A11,514767,ΔvirD5,6,Top,J23117,18.973560044579845
A12,363884,ΔvirD5,6,Top,J23117,18.473119091628675
B1,253713,ΔvirD5,6,Bottom,J23117,17.952837917981466
B2,153392,ΔvirD5,6,Bottom,J23117,17.22686371698241
B3,235195,ΔvirD5,6,Bottom,J23117,17.843497864747658
B4,210925,ΔvirD5,6,Bottom,J23117,17.686370575914957
B5,596257,ΔvirD5,7,Top,J23117,19.18557477275581
B6,347661,ΔvirD5,7,Top,J23117,18.40732171158479
B7,559030,ΔvirD5,7,Top,J23117,19.09256618092189
B8,433503,ΔvirD5,7,Top,J23117,18.725682451898102
B9,174567,ΔvirD5,7,Bottom,J23117,17.413421333312282
B10,239089,ΔvirD5,7,Bottom,J23117,17.867188230540265
B11,177111,ΔvirD5,7,Bottom,J23117,17.43429429213152
B12,275893,ΔvirD5,7,Bottom,J23117,18.073749327309947
C1,428764,ΔvirD5,8,Top,J23117,18.70982425336266
C2,439232,ΔvirD5,8,Top,J23117,18.744623639343583
C3,368863,ΔvirD5,8,Top,J23117,18.492725556520135
C4,364658,ΔvirD5,8,Top,J23117,18.47618451924098
C5,348368,ΔvirD5,8,Bottom,J23117,18.41025258298442
C6,396465,ΔvirD5,8,Bottom,J23117,18.596833984615273
C7,471708,ΔvirD5,8,Bottom,J23117,18.847534543106857
C8,366232,ΔvirD5,8,Bottom,J23117,18.482398328445715
C9,492972,ΔvirK,1,Top,J23114,18.911146180658008
C10,558431,ΔvirK,1,Top,J23114,19.091019506071916
C11,404724,ΔvirK,1,Top,J23114,18.626578877321947
C12,382025,ΔvirK,1,Top,J23114,18.54330752682312
D1,374781,ΔvirK,1,Bottom,J23114,18.515688290025725
D2,440188,ΔvirK,1,Bottom,J23114,18.747760290778356
D3,294695,ΔvirK,1,Bottom,J23114,18.168863057340534
D4,520727,ΔvirK,1,Bottom,J23114,18.990167687687396
D5,278783,ΔvirK,2,Top,J23114,18.08878306375124
D6,404274,ΔvirK,2,Top,J23114,18.62497389724695
D7,285985,ΔvirK,2,Top,J23114,18.12557995363234
D8,486930,ΔvirK,2,Top,J23114,18.893354862942644
D9,302307,ΔvirK,2,Bottom,J23114,18.205654859781408
D10,369562,ΔvirK,2,Bottom,J23114,18.495456894529532
D11,257887,ΔvirK,2,Bottom,J23114,17.97637952360798
D12,364498,ΔvirK,2,Bottom,J23114,18.475551372945134
E1,303352,ΔvirK,3,Top,J23114,18.210633297528656
E2,346304,ΔvirK,3,Top,J23114,18.401679525982452
E3,231930,ΔvirK,3,Top,J23114,17.823329918189295
E4,175630,ΔvirK,3,Top,J23114,17.422179772354138
E5,242066,ΔvirK,3,Bottom,J23114,17.885040930576366
E6,235831,ΔvirK,3,Bottom,J23114,17.847393847575024
E7,290420,ΔvirK,3,Bottom,J23114,18.14778128351177
E8,477613,ΔvirK,3,Bottom,J23114,18.86548257984247
E9,456418,ΔvirK,4,Top,J23114,18.799996163518845
E10,343584,ΔvirK,4,Top,J23114,18.39030332913754
E11,233937,ΔvirK,4,Top,J23114,17.835760534053456
E12,282902,ΔvirK,4,Top,J23114,18.1099428504636
F1,213272,ΔvirK,4,Bottom,J23114,17.702335044368727
F2,241593,ΔvirK,4,Bottom,J23114,17.882219128555146
F3,192124,ΔvirK,4,Bottom,J23114,17.551678225185412
F4,124583,ΔvirK,4,Bottom,J23114,16.926747692967613
F5,343978,ΔvirK,5,Top,J23114,18.39195677103319
F6,326160,ΔvirK,5,Top,J23114,18.31522033637591
F7,272401,ΔvirK,5,Top,J23114,18.055372474014376
F8,346384,ΔvirK,5,Top,J23114,18.4020127657781
F9,291549,ΔvirK,5,Bottom,J23114,18.15337884882705
F10,329340,ΔvirK,5,Bottom,J23114,18.329218219583076
F11,178038,ΔvirK,5,Bottom,J23114,17.441825673833854
F12,231669,ΔvirK,5,Bottom,J23114,17.821705482220043
G1,349165,ΔvirK,6,Top,J23114,18.4135494261387
G2,330685,ΔvirK,6,Top,J23114,18.335098080242783
G3,337122,ΔvirK,6,Top,J23114,18.36291125261996
G4,181387,ΔvirK,6,Top,J23114,17.46871153610478
G5,291462,ΔvirK,6,Bottom,J23114,18.152948275580613
G6,311561,ΔvirK,6,Bottom,J23114,18.24915512815741
G7,355773,ΔvirK,6,Bottom,J23114,18.440597501500147
G8,558279,ΔvirK,6,Bottom,J23114,19.090626763734928
G9,344510,ΔvirK,7,Top,J23114,18.394186334698812
G10,414208,ΔvirK,7,Top,J23114,18.65999589242998
G11,326145,ΔvirK,7,Top,J23114,18.315153985740494
G12,499758,ΔvirK,7,Top,J23114,18.930870135889855
H1,483009,ΔvirK,7,Bottom,J23114,18.881690545763696
H2,349835,ΔvirK,7,Bottom,J23114,18.416315108466073
H3,462400,ΔvirK,7,Bottom,J23114,18.818781872275405
H4,410157,ΔvirK,7,Bottom,J23114,18.64581672505882
H5,427616,ΔvirK,8,Top,J23114,18.70595630946154
H6,312170,ΔvirK,8,Top,J23114,18.25197237328102
H7,339614,ΔvirK,8,Top,J23114,18.373536407162447
H8,604126,ΔvirK,8,Top,J23114,19.204489952161563
H9,296373,ΔvirK,8,Bottom,J23114,18.17705449650574
H10,315460,ΔvirK,8,Bottom,J23114,18.267097559010324
H11,228200,ΔvirK,8,Bottom,J23114,17.799939266063408
H12,356222,ΔvirK,8,Bottom,J23114,18.442417093377134
A1,120576,ΔvirK,1,Top,J23117,16.879583249612782
A2,143964,ΔvirK,1,Top,J23117,17.135348567252443
A3,108626,ΔvirK,1,Top,J23117,16.729009932842658
A4,143208,ΔvirK,1,Top,J23117,17.127752562276058
A5,100174,ΔvirK,1,Bottom,J23117,16.61214858238629
A6,157223,ΔvirK,1,Bottom,J23117,17.262452757928635
A7,192246,ΔvirK,1,Bottom,J23117,17.55259405524967
A8,170801,ΔvirK,1,Bottom,J23117,17.381956896062764
A9,118534,ΔvirK,2,Top,J23117,16.854941412005857
A10,83357,ΔvirK,2,Top,J23117,16.347015735824638
A11,111297,ΔvirK,2,Top,J23117,16.764055179933813
A12,221110,ΔvirK,2,Top,J23117,17.754404748908748
B1,106657,ΔvirK,2,Bottom,J23117,16.702619128665507
B2,85796,ΔvirK,2,Bottom,J23117,16.38862276719636
B3,78845,ΔvirK,2,Bottom,J23117,16.266731648148966
B4,106267,ΔvirK,2,Bottom,J23117,16.697334128429166
B5,115823,ΔvirK,3,Top,J23117,16.821562244958276
B6,134649,ΔvirK,3,Top,J23117,17.03884398982858
B7,122089,ΔvirK,3,Top,J23117,16.897573696380952
B8,95562,ΔvirK,3,Top,J23117,16.544149427566044
B9,127285,ΔvirK,3,Bottom,J23117,16.957702888171923
B10,135919,ΔvirK,3,Bottom,J23117,17.05238761773706
B11,107858,ΔvirK,3,Bottom,J23117,16.71877366189752
B12,75586,ΔvirK,3,Bottom,J23117,16.20583142350686
C1,81687,ΔvirK,4,Top,J23117,16.31781887985641
C2,98171,ΔvirK,4,Top,J23117,16.583009290697014
C3,83708,ΔvirK,4,Top,J23117,16.3530778877348
C4,64023,ΔvirK,4,Top,J23117,15.966302660052406
C5,115145,ΔvirK,4,Bottom,J23117,16.813092240045908
C6,128887,ΔvirK,4,Bottom,J23117,16.975747230135216
C7,97842,ΔvirK,4,Bottom,J23117,16.578166274017686
C8,90921,ΔvirK,4,Bottom,J23117,16.47232593135927
C9,67677,ΔvirK,5,Top,J23117,16.04637799734169
C10,75689,ΔvirK,5,Top,J23117,16.20779602588233
C11,102802,ΔvirK,5,Top,J23117,16.649508806692477
C12,198011,ΔvirK,5,Top,J23117,17.595221052239893
D1,84206,ΔvirK,5,Bottom,J23117,16.361635414050685
D2,73822,ΔvirK,5,Bottom,J23117,16.171763203437436
D3,109177,ΔvirK,5,Bottom,J23117,16.736309434349604
D4,128815,ΔvirK,5,Bottom,J23117,16.97494107383339
D5,75055,ΔvirK,6,Top,J23117,16.195660563786166
D6,92552,ΔvirK,6,Top,J23117,16.49797654586254
D7,112414,ΔvirK,6,Top,J23117,16.77846219391746
D8,182414,ΔvirK,6,Top,J23117,17.476856932862052
D9,231841,ΔvirK,6,Bottom,J23117,17.82277619723557
D10,176869,ΔvirK,6,Bottom,J23117,17.432321682072825
D11,158543,ΔvirK,6,Bottom,J23117,17.274514655327156
D12,175877,ΔvirK,6,Bottom,J23117,17.424207303719093
E1,61150,ΔvirK,7,Top,J23117,15.90006487830211
E2,75502,ΔvirK,7,Top,J23117,16.204227240568166
E3,80878,ΔvirK,7,Top,J23117,16.30345970139773
E4,89293,ΔvirK,7,Top,J23117,16.446259461266393
E5,142409,ΔvirK,7,Bottom,J23117,17.119680799428398
E6,116793,ΔvirK,7,Bottom,J23117,16.833594283175987
E7,81900,ΔvirK,7,Bottom,J23117,16.321575831415732
E8,70847,ΔvirK,7,Bottom,J23117,16.112419143394828
E9,92129,ΔvirK,8,Top,J23117,16.4913677331589
E10,162541,ΔvirK,8,Top,J23117,17.31044414972171
E11,87122,ΔvirK,8,Top,J23117,16.410749452944977
E12,120571,ΔvirK,8,Top,J23117,16.87952342323961
F1,135354,ΔvirK,8,Bottom,J23117,17.04637799734169
F2,158269,ΔvirK,8,Bottom,J23117,17.272019178263385
F3,192639,ΔvirK,8,Bottom,J23117,17.55554028255453
F4,204997,ΔvirK,8,Bottom,J23117,17.645243271402695
