Well,GFP,Strain,Plant,Leaf,GFP_log
A1,577436.0,WT,1,Top,19.13930152901875
A2,596205.0,WT,1,Top,19.18544894880138
A3,446297.0,WT,1,Top,18.767644583290373
A4,516985.0,WT,1,Top,18.979762896680015
A5,313663.0,WT,1,Bottom,18.25885583191048
A6,341408.0,WT,1,Bottom,18.381137338968554
A7,405527.0,WT,1,Bottom,18.629438446756886
A8,304304.0,WT,1,Bottom,18.215153772279578
A9,219128.0,WT,2,Top,17.741414316958398
A10,296402.0,WT,2,Top,18.177195656832065
A11,314114.0,WT,2,Top,18.260928719497564
A12,275208.0,WT,2,Top,18.070162882676588
B1,194209.0,WT,2,Bottom,17.567250533868
B2,317213.0,WT,2,Bottom,18.275092371113058
B3,303460.0,WT,2,Bottom,18.211146837359976
B4,331432.0,WT,2,Bottom,18.33835337697368
B5,621106.0,WT,3,Top,19.244479978992377
B6,535491.0,WT,3,Top,19.03050280223311
B7,689828.0,WT,3,Top,19.395877163167896
B8,563642.0,WT,3,Top,19.104419593064666
B9,265515.0,WT,3,Bottom,18.018433841358238
B10,200112.0,WT,3,Bottom,17.610448157529547
B11,302840.0,WT,3,Bottom,18.208196247760323
B12,294253.0,WT,3,Bottom,18.166697598495976
C1,276477.0,WT,4,Top,18.076799942722836
C2,328927.0,WT,4,Top,18.327407911212557
C3,369825.0,WT,4,Top,18.496483227997
C4,237105.0,WT,4,Top,17.855166560703154
C5,103009.0,WT,4,Bottom,16.652410867069847
C6,143617.0,WT,4,Bottom,17.131867006077393
C7,327748.0,WT,4,Bottom,18.322227451225913
C8,213676.0,WT,4,Bottom,17.705065348623474
C9,459717.0,WT,5,Top,18.810386491390346
C10,431668.0,WT,5,Top,18.719562622708864
C11,338922.0,WT,5,Top,18.370593762072385
C12,344606.0,WT,5,Top,18.394588295253556
D1,319466.0,WT,5,Bottom,18.285302871206824
D2,459202.0,WT,5,Bottom,18.808769399951714
D3,396293.0,WT,5,Bottom,18.596207958637795
D4,516086.0,WT,5,Bottom,18.977251969223616
D5,640362.0,WT,6,Top,19.288528173237044
D6,753287.0,WT,6,Top,19.522840106386038
D7,546045.0,WT,6,Top,19.058660324119778
D8,557913.0,WT,6,Top,19.089680642630515
D9,407279.0,WT,6,Bottom,18.635657902878513
D10,550843.0,WT,6,Bottom,19.071281658211372
D11,425436.0,WT,6,Bottom,18.698582592418
D12,349461.0,WT,6,Bottom,18.414771933625268
E1,545718.0,WT,7,Top,19.05779610488451
E2,699713.0,WT,7,Top,19.41640377023598
E3,583924.0,WT,7,Top,19.155421083339792
E4,518827.0,WT,7,Top,18.984894034505466
E5,390448.0,WT,7,Bottom,18.574770896971778
E6,354982.0,WT,7,Bottom,18.437386346465075
E7,375244.0,WT,7,Bottom,18.517469478356194
E8,447308.0,WT,7,Bottom,18.77090903527679
E9,398152.0,WT,8,Top,18.602959779031035
E10,555381.0,WT,8,Top,19.083118296759846
E11,536163.0,WT,8,Top,19.032312138445263
E12,302551.0,WT,8,Top,18.206818827552592
F1,424947.0,WT,8,Bottom,18.6969233919101
F2,403985.0,WT,8,Bottom,18.623942201009516
F3,387932.0,WT,8,Bottom,18.565444261229466
F4,488453.0,WT,8,Bottom,18.89786022408376
F5,645.5,ΔvirB1-11,1,Top,9.33427328530719
F6,740.5,ΔvirB1-11,1,Top,9.532355925288847
F7,769.5,ΔvirB1-11,1,Top,9.58777751632821
F8,761.0,ΔvirB1-11,1,Top,9.571752643503546
F9,702.0,ΔvirB1-11,1,Bottom,9.45532722030456
F10,659.0,ΔvirB1-11,1,Bottom,9.364134655008051
F11,661.5,ΔvirB1-11,1,Bottom,9.369597346278677
F12,736.0,ΔvirB1-11,1,Bottom,9.523561956057012
G1,719.5,ΔvirB1-11,2,Top,9.490850876740298
G2,765.5,ΔvirB1-11,2,Top,9.580258567499788
G3,780.5,ΔvirB1-11,2,Top,9.608254821977908
G4,865.5,ΔvirB1-11,2,Top,9.757390009366638
G5,780.0,ΔvirB1-11,2,Bottom,9.60733031374961
G6,858.5,ΔvirB1-11,2,Bottom,9.745674324002135
G7,812.0,ΔvirB1-11,2,Bottom,9.665335917185176
G8,869.5,ΔvirB1-11,2,Bottom,9.764042217306587
G9,844.5,ΔvirB1-11,3,Top,9.721953612801386
G10,705.0,ΔvirB1-11,3,Top,9.461479447286155
G11,708.0,ΔvirB1-11,3,Top,9.467605550082997
G12,695.5,ΔvirB1-11,3,Top,9.44190670454224
H1,771.0,ΔvirB1-11,3,Bottom,9.590587049915035
H2,787.5,ΔvirB1-11,3,Bottom,9.621136113274641
H3,728.5,ΔvirB1-11,3,Bottom,9.508785162064513
H4,902.0,ΔvirB1-11,3,Bottom,9.81698362325538
H5,843.5,ΔvirB1-11,4,Top,9.720244258287567
H6,809.5,ΔvirB1-11,4,Top,9.660887270302567
H7,894.5,ΔvirB1-11,4,Top,9.804937672051908
H8,805.5,ΔvirB1-11,4,Top,9.653740778706569
H9,833.5,ΔvirB1-11,4,Bottom,9.703038388986418
H10,831.0,ΔvirB1-11,4,Bottom,9.698704666770345
H11,813.0,ΔvirB1-11,4,Bottom,9.667111542075027
H12,755.5,ΔvirB1-11,4,Bottom,9.561287945164828
A1,814.5,ΔvirB1-11,5,Top,9.669770888525518
A2,792.5,ΔvirB1-11,5,Top,9.63026712502677
A3,751.0,ΔvirB1-11,5,Top,9.552669097514272
A4,657.0,ΔvirB1-11,5,Top,9.35974956032233
A5,660.5,ΔvirB1-11,5,Bottom,9.367414751246828
A6,612.0,ΔvirB1-11,5,Bottom,9.257387842692651
A7,741.0,ΔvirB1-11,5,Bottom,9.533329732305834
A8,642.0,ΔvirB1-11,5,Bottom,9.326429487122303
A9,617.0,ΔvirB1-11,6,Top,9.269126679149418
A10,560.5,ΔvirB1-11,6,Top,9.130570562805426
A11,625.0,ΔvirB1-11,6,Top,9.287712379549449
A12,647.5,ΔvirB1-11,6,Top,9.338736382573916
B1,519.5,ΔvirB1-11,6,Bottom,9.020979938904212
B2,521.5,ΔvirB1-11,6,Bottom,9.026523442519766
B3,561.5,ΔvirB1-11,6,Bottom,9.133142212400601
B4,506.0,ΔvirB1-11,6,Bottom,8.98299357469431
B5,549.5,ΔvirB1-11,7,Top,9.101975670949232
B6,602.5,ΔvirB1-11,7,Top,9.234817431117325
B7,543.5,ΔvirB1-11,7,Top,9.086136225027309
B8,584.5,ΔvirB1-11,7,Top,9.191059214531656
B9,463.0,ΔvirB1-11,7,Bottom,8.854868383260236
B10,510.0,ΔvirB1-11,7,Bottom,8.994353436858859
B11,618.0,ΔvirB1-11,7,Bottom,9.271463027904375
B12,582.5,ΔvirB1-11,7,Bottom,9.186114239541643
C1,656.5,ΔvirB1-11,8,Top,9.358651200892886
C2,618.0,ΔvirB1-11,8,Top,9.271463027904375
C3,593.0,ΔvirB1-11,8,Top,9.211888294546004
C4,563.5,ΔvirB1-11,8,Top,9.138271800172221
C5,578.5,ΔvirB1-11,8,Bottom,9.17617314910749
C6,543.5,ΔvirB1-11,8,Bottom,9.086136225027309
C7,568.5,ΔvirB1-11,8,Bottom,9.151016538892248
C8,636.0,ΔvirB1-11,8,Bottom,9.312882955284355
F5,666.0,ΔvirB1-5,1,Top,9.379378367071261
F6,708.0,ΔvirB1-5,1,Top,9.467605550082997
F7,714.0,ΔvirB1-5,1,Top,9.479780264029099
F8,691.0,ΔvirB1-5,1,Top,9.432541900388259
F9,452.0,ΔvirB1-5,1,Bottom,8.820178962415188
F10,508.0,ΔvirB1-5,1,Bottom,8.988684686772165
F11,499.0,ΔvirB1-5,1,Bottom,8.96289600533726
F12,524.0,ΔvirB1-5,1,Bottom,9.03342300153745
G1,741.0,ΔvirB1-5,2,Top,9.533329732305834
G2,605.0,ΔvirB1-5,2,Top,9.240791332161956
G3,803.0,ΔvirB1-5,2,Top,9.649256177517314
G4,669.0,ΔvirB1-5,2,Top,9.38586240064146
G5,776.0,ΔvirB1-5,2,Bottom,9.599912842187127
G6,746.0,ΔvirB1-5,2,Bottom,9.543031820255237
G7,647.0,ΔvirB1-5,2,Bottom,9.337621901992508
G8,689.0,ΔvirB1-5,2,Bottom,9.428360172704291
G9,703.0,ΔvirB1-5,3,Top,9.457380879072534
G10,733.0,ΔvirB1-5,3,Top,9.517669388133811
G11,686.0,ΔvirB1-5,3,Top,9.422064766172813
G12,662.0,ΔvirB1-5,3,Top,9.370687406807217
H1,796.0,ΔvirB1-5,3,Bottom,9.63662462054365
H2,806.0,ΔvirB1-5,3,Bottom,9.654636028527968
H3,778.0,ΔvirB1-5,3,Bottom,9.603626344986193
H4,828.0,ΔvirB1-5,3,Bottom,9.693486957499326
H5,856.0,ΔvirB1-5,4,Top,9.741466986401146
H6,866.0,ΔvirB1-5,4,Top,9.758223214726724
H7,857.0,ΔvirB1-5,4,Top,9.7431513941125
H8,783.0,ΔvirB1-5,4,Top,9.612868497291041
H9,800.0,ΔvirB1-5,4,Bottom,9.643856189774725
H10,839.0,ΔvirB1-5,4,Bottom,9.712527000439824
H11,870.0,ΔvirB1-5,4,Bottom,9.76487159073609
H12,738.0,ΔvirB1-5,4,Bottom,9.527477006060396
A1,686.0,ΔvirB1-5,5,Top,9.422064766172813
A2,854.0,ΔvirB1-5,5,Top,9.73809225962049
A3,914.0,ΔvirB1-5,5,Top,9.83605035505807
A4,789.0,ΔvirB1-5,5,Top,9.623881490013458
A5,699.0,ΔvirB1-5,5,Bottom,9.449148645375436
A6,642.0,ΔvirB1-5,5,Bottom,9.326429487122303
A7,693.0,ΔvirB1-5,5,Bottom,9.436711542137214
A8,720.0,ΔvirB1-5,5,Bottom,9.491853096329674
A9,671.0,ΔvirB1-5,6,Top,9.390168956200183
A10,687.0,ΔvirB1-5,6,Top,9.4241662888181
A11,656.0,ΔvirB1-5,6,Top,9.357552004618084
A12,699.0,ΔvirB1-5,6,Top,9.449148645375436
B1,821.0,ΔvirB1-5,6,Bottom,9.681238411777805
B2,751.0,ΔvirB1-5,6,Bottom,9.552669097514272
B3,759.0,ΔvirB1-5,6,Bottom,9.567956075415466
B4,806.0,ΔvirB1-5,6,Bottom,9.654636028527968
B5,992.0,ΔvirB1-5,7,Top,9.954196310386875
B6,2164.0,ΔvirB1-5,7,Top,11.079484783826816
B7,2301.0,ΔvirB1-5,7,Top,11.16804526822409
B8,1821.0,ΔvirB1-5,7,Top,10.830515206976838
B9,1940.0,ΔvirB1-5,7,Bottom,10.92184093707449
B10,1727.0,ΔvirB1-5,7,Bottom,10.754052367528924
B11,1220.0,ΔvirB1-5,7,Bottom,10.252665432450248
B12,1951.0,ΔvirB1-5,7,Bottom,10.929998062609027
C1,812.0,ΔvirB1-5,8,Top,9.665335917185176
C2,694.0,ΔvirB1-5,8,Top,9.43879185257826
C3,750.0,ΔvirB1-5,8,Top,9.550746785383243
C4,716.0,ΔvirB1-5,8,Top,9.483815777264256
C5,730.0,ΔvirB1-5,8,Bottom,9.51175265376738
C6,649.0,ΔvirB1-5,8,Bottom,9.342074667999139
C7,613.0,ΔvirB1-5,8,Bottom,9.259743263690781
C8,783.0,ΔvirB1-5,8,Bottom,9.612868497291041
C9,714.0,ΔvirB6-11,1,Top,9.479780264029099
C10,769.0,ΔvirB6-11,1,Top,9.586839787961827
C11,738.0,ΔvirB6-11,1,Top,9.527477006060396
C12,834.0,ΔvirB6-11,1,Top,9.703903573444663
D1,773.0,ΔvirB6-11,1,Bottom,9.594324603924848
D2,734.0,ΔvirB6-11,1,Bottom,9.519636252843213
D3,700.0,ΔvirB6-11,1,Bottom,9.451211111832329
D4,774.0,ΔvirB6-11,1,Bottom,9.59618975614441
D5,843.0,ΔvirB6-11,2,Top,9.719388820942083
D6,946.0,ΔvirB6-11,2,Top,9.885696373339394
D7,950.0,ΔvirB6-11,2,Top,9.89178370321831
D8,1089.0,ΔvirB6-11,2,Top,10.088788238716907
D9,807.0,ΔvirB6-11,2,Bottom,9.656424863277781
D10,689.0,ΔvirB6-11,2,Bottom,9.428360172704291
D11,689.0,ΔvirB6-11,2,Bottom,9.428360172704291
D12,844.0,ΔvirB6-11,2,Bottom,9.721099188707186
E1,804.0,ΔvirB6-11,3,Top,9.651051691178928
E2,774.0,ΔvirB6-11,3,Top,9.59618975614441
E3,688.0,ΔvirB6-11,3,Top,9.426264754702098
E4,749.0,ΔvirB6-11,3,Top,9.54882190845875
E5,791.0,ΔvirB6-11,3,Bottom,9.627533884472792
E6,874.0,ΔvirB6-11,3,Bottom,9.7714894695006
E7,731.0,ΔvirB6-11,3,Bottom,9.513727595952437
E8,792.0,ΔvirB6-11,3,Bottom,9.62935662007961
E9,673.0,ΔvirB6-11,4,Top,9.394462694610317
E10,668.0,ΔvirB6-11,4,Top,9.383704292474052
E11,717.0,ΔvirB6-11,4,Top,9.485829308701904
E12,766.0,ΔvirB6-11,4,Top,9.581200581924957
F1,795.0,ΔvirB6-11,4,Bottom,9.634811050171718
F2,871.0,ΔvirB6-11,4,Bottom,9.766528908598865
F3,802.0,ΔvirB6-11,4,Bottom,9.64745842645492
F4,746.0,ΔvirB6-11,4,Bottom,9.543031820255237
F5,704.0,ΔvirB6-11,5,Top,9.459431618637296
F6,774.0,ΔvirB6-11,5,Top,9.59618975614441
F7,729.0,ΔvirB6-11,5,Top,9.509775004326936
F8,714.0,ΔvirB6-11,5,Top,9.479780264029099
F9,727.0,ΔvirB6-11,5,Bottom,9.505811553919594
F10,660.0,ΔvirB6-11,5,Bottom,9.366322214245816
F11,700.0,ΔvirB6-11,5,Bottom,9.451211111832329
F12,665.0,ΔvirB6-11,5,Bottom,9.377210530388552
G1,830.0,ΔvirB6-11,6,Top,9.696967526234287
G2,733.0,ΔvirB6-11,6,Top,9.517669388133811
G3,708.0,ΔvirB6-11,6,Top,9.467605550082997
G4,729.0,ΔvirB6-11,6,Top,9.509775004326936
G5,755.0,ΔvirB6-11,6,Bottom,9.560332834212442
G6,831.0,ΔvirB6-11,6,Bottom,9.698704666770345
G7,679.0,ΔvirB6-11,6,Bottom,9.407267764244732
G8,734.0,ΔvirB6-11,6,Bottom,9.519636252843213
G9,740.0,ΔvirB6-11,7,Top,9.531381460516313
G10,645.0,ΔvirB6-11,7,Top,9.333155350310616
G11,758.0,ΔvirB6-11,7,Top,9.566054038171092
G12,770.0,ΔvirB6-11,7,Top,9.588714635582264
H1,814.0,ΔvirB6-11,7,Bottom,9.668884984266247
H2,941.0,ΔvirB6-11,7,Bottom,9.878050912728536
H3,812.0,ΔvirB6-11,7,Bottom,9.665335917185176
H4,770.0,ΔvirB6-11,7,Bottom,9.588714635582264
H5,710.0,ΔvirB6-11,8,Top,9.471675214392045
H6,791.0,ΔvirB6-11,8,Top,9.627533884472792
H7,691.0,ΔvirB6-11,8,Top,9.432541900388259
H8,680.0,ΔvirB6-11,8,Top,9.409390936137703
H9,802.0,ΔvirB6-11,8,Bottom,9.64745842645492
H10,793.0,ΔvirB6-11,8,Bottom,9.63117705570398
H11,746.0,ΔvirB6-11,8,Bottom,9.543031820255237
H12,803.0,ΔvirB6-11,8,Bottom,9.649256177517314
A1,30836.0,ΔvirC12,1,Top,14.912328012687096
A2,20458.0,ΔvirC12,1,Top,14.32037749183128
A3,24912.0,ΔvirC12,1,Top,14.604553229079038
A4,20330.0,ΔvirC12,1,Top,14.311322594732095
A5,21364.0,ΔvirC12,1,Bottom,14.382894168892134
A6,15916.0,ΔvirC12,1,Bottom,13.958190183693738
A7,22338.0,ΔvirC12,1,Bottom,14.447212401572669
A8,23375.0,ΔvirC12,1,Bottom,14.512678744549724
A9,30911.0,ΔvirC12,2,Top,14.91583270704563
A10,28135.0,ΔvirC12,2,Top,14.78007834294492
A11,35181.0,ΔvirC12,2,Top,15.102508870731603
A12,34470.0,ΔvirC12,2,Top,15.073053678254631
B1,40371.0,ΔvirC12,2,Bottom,15.301031702735788
B2,24713.0,ΔvirC12,2,Bottom,14.592982534789645
B3,30412.0,ΔvirC12,2,Bottom,14.892353075734109
B4,28697.0,ΔvirC12,2,Bottom,14.808612304208427
B5,11129.0,ΔvirC12,3,Top,13.442036344209926
B6,19912.0,ΔvirC12,3,Top,14.281350514981035
B7,22661.0,ΔvirC12,3,Top,14.467923906339312
B8,19024.0,ΔvirC12,3,Top,14.215532999745657
B9,19002.0,ΔvirC12,3,Bottom,14.213863652749346
B10,16860.0,ΔvirC12,3,Bottom,14.041316915829444
B11,15114.0,ΔvirC12,3,Bottom,13.883597907455398
B12,21580.0,ΔvirC12,3,Bottom,14.39740724437538
C1,20181.0,ΔvirC12,4,Top,14.300710043552511
C2,30007.0,ΔvirC12,4,Top,14.873011469846222
C3,28514.0,ΔvirC12,4,Top,14.799382817119824
C4,24622.0,ΔvirC12,4,Top,14.587660333609477
C5,17571.0,ΔvirC12,4,Bottom,14.100908679830674
C6,22617.0,ΔvirC12,4,Bottom,14.465119957322967
C7,31631.0,ΔvirC12,4,Bottom,14.949051546287954
C8,24471.0,ΔvirC12,4,Bottom,14.578785437467072
C9,24177.0,ΔvirC12,5,Top,14.561347618609748
C10,20146.0,ΔvirC12,5,Top,14.298205798797902
C11,17362.0,ΔvirC12,5,Top,14.083645526864412
C12,22696.0,ΔvirC12,5,Top,14.470150435274359
D1,22482.0,ΔvirC12,5,Bottom,14.45648276305027
D2,15972.0,ΔvirC12,5,Bottom,13.963257356633047
D3,13342.0,ΔvirC12,5,Bottom,13.703687325967547
D4,22025.0,ΔvirC12,5,Bottom,14.426854398695138
D5,22266.0,ΔvirC12,6,Top,14.442554786418683
D6,17843.0,ΔvirC12,6,Top,14.123070580079807
D7,29071.0,ΔvirC12,6,Top,14.827293078482398
D8,25550.0,ΔvirC12,6,Top,14.641035670712347
D9,16706.0,ΔvirC12,6,Bottom,14.028078722704887
D10,7608.0,ΔvirC12,6,Bottom,12.893301530860564
D11,18529.0,ΔvirC12,6,Bottom,14.177497401553003
D12,12063.0,ΔvirC12,6,Bottom,13.558301121521517
E1,30822.0,ΔvirC12,7,Top,14.911672859068116
E2,29997.0,ΔvirC12,7,Top,14.87253060355256
E3,26830.0,ΔvirC12,7,Top,14.711559434147883
E4,34299.0,ΔvirC12,7,Top,15.06587889425448
E5,18953.0,ΔvirC12,7,Bottom,14.210138604862246
E6,18942.0,ΔvirC12,7,Bottom,14.209301046034142
E7,16706.0,ΔvirC12,7,Bottom,14.028078722704887
E8,20565.0,ΔvirC12,7,Bottom,14.327903451387744
E9,14620.0,ΔvirC12,8,Top,13.8356556908398
E10,18887.0,ΔvirC12,8,Top,14.205105942639431
E11,15478.0,ΔvirC12,8,Top,13.917931444281608
E12,14961.0,ΔvirC12,8,Top,13.86891898838627
F1,16236.0,ΔvirC12,8,Bottom,13.986908624697694
F2,19114.0,ΔvirC12,8,Bottom,14.222342103249112
F3,22706.0,ΔvirC12,8,Bottom,14.4707859557643
F4,16501.0,ΔvirC12,8,Bottom,14.010265837434154
F5,888.0,ΔvirD12,1,Top,9.794415866350105
F6,841.0,ΔvirD12,1,Top,9.715961990255144
F7,784.0,ΔvirD12,1,Top,9.614709844115207
F8,786.0,ΔvirD12,1,Top,9.618385502258606
F9,804.0,ΔvirD12,1,Bottom,9.651051691178928
F10,766.0,ΔvirD12,1,Bottom,9.581200581924957
F11,829.0,ΔvirD12,1,Bottom,9.69522829149575
F12,772.0,ΔvirD12,1,Bottom,9.59245703726808
G1,874.0,ΔvirD12,2,Top,9.7714894695006
G2,773.0,ΔvirD12,2,Top,9.594324603924848
G3,735.0,ΔvirD12,2,Top,9.521600439723727
G4,750.0,ΔvirD12,2,Top,9.550746785383243
G5,877.0,ΔvirD12,2,Bottom,9.776433032444734
G6,842.0,ΔvirD12,2,Bottom,9.717676423066395
G7,872.0,ΔvirD12,2,Bottom,9.768184324776927
G8,1062.0,ΔvirD12,2,Bottom,10.052568050804153
G9,949.0,ΔvirD12,3,Top,9.89026427702111
G10,712.0,ΔvirD12,3,Top,9.475733430966399
G11,802.0,ΔvirD12,3,Top,9.64745842645492
G12,776.0,ΔvirD12,3,Top,9.599912842187127
H1,824.0,ΔvirD12,3,Bottom,9.686500527183219
H2,793.0,ΔvirD12,3,Bottom,9.63117705570398
H3,896.0,ΔvirD12,3,Bottom,9.807354922057604
H4,757.0,ΔvirD12,3,Bottom,9.564149489985732
H5,1019.0,ΔvirD12,4,Top,9.992938336165814
H6,919.0,ΔvirD12,4,Top,9.843921051289035
H7,1163.0,ΔvirD12,4,Top,10.183635381473218
H8,982.0,ΔvirD12,4,Top,9.939579214314692
H9,909.0,ΔvirD12,4,Bottom,9.828136484194108
H10,829.0,ΔvirD12,4,Bottom,9.69522829149575
H11,745.0,ΔvirD12,4,Bottom,9.541096615349524
H12,826.0,ΔvirD12,4,Bottom,9.689997971419446
A1,1111.0,ΔvirD12,5,Top,10.117643101389092
A2,935.0,ΔvirD12,5,Top,9.868822554774999
A3,863.0,ΔvirD12,5,Top,9.753216749178955
A4,912.0,ΔvirD12,5,Top,9.832890014164741
A5,957.0,ΔvirD12,5,Bottom,9.902375114486025
A6,738.0,ΔvirD12,5,Bottom,9.527477006060396
A7,840.0,ΔvirD12,5,Bottom,9.714245517666123
A8,740.0,ΔvirD12,5,Bottom,9.531381460516313
A9,828.0,ΔvirD12,6,Top,9.693486957499326
A10,875.0,ΔvirD12,6,Top,9.77313920671969
A11,823.0,ΔvirD12,6,Top,9.684748620421626
A12,1306.0,ΔvirD12,6,Top,10.350939181546432
B1,758.0,ΔvirD12,6,Bottom,9.566054038171092
B2,766.0,ΔvirD12,6,Bottom,9.581200581924957
B3,689.0,ΔvirD12,6,Bottom,9.428360172704291
B4,766.0,ΔvirD12,6,Bottom,9.581200581924957
B5,692.0,ΔvirD12,7,Top,9.434628227636725
B6,762.0,ΔvirD12,7,Top,9.573647187493322
B7,756.0,ΔvirD12,7,Top,9.562242424221072
B8,722.0,ΔvirD12,7,Top,9.49585502688717
B9,763.0,ΔvirD12,7,Bottom,9.57553924683453
B10,792.0,ΔvirD12,7,Bottom,9.62935662007961
B11,762.0,ΔvirD12,7,Bottom,9.573647187493322
B12,783.0,ΔvirD12,7,Bottom,9.612868497291041
C1,797.0,ΔvirD12,8,Top,9.638435913990472
C2,852.0,ΔvirD12,8,Top,9.734709620225837
C3,753.0,ΔvirD12,8,Top,9.556506054671928
C4,757.0,ΔvirD12,8,Top,9.564149489985732
C5,1042.0,ΔvirD12,8,Bottom,10.025139562278508
C6,699.0,ΔvirD12,8,Bottom,9.449148645375436
C7,886.0,ΔvirD12,8,Bottom,9.791162888555018
C8,826.0,ΔvirD12,8,Bottom,9.689997971419446
C9,422630.0,ΔvirD3,1,Top,18.68903565371881
C10,373522.0,ΔvirD3,1,Top,18.51083369296987
C11,376682.0,ΔvirD3,1,Top,18.522987569226796
C12,329265.0,ΔvirD3,1,Top,18.328889639847016
D1,687402.0,ΔvirD3,1,Bottom,19.390794523682494
D2,510305.0,ΔvirD3,1,Bottom,18.961000251843892
D3,736490.0,ΔvirD3,1,Bottom,19.49030641103758
D4,591631.0,ΔvirD3,1,Bottom,19.174338122503517
D5,368246.0,ΔvirD3,2,Top,18.49031032879093
D6,376301.0,ΔvirD3,2,Top,18.52152759773345
D7,379058.0,ΔvirD3,2,Top,18.532059087768143
D8,363423.0,ΔvirD3,2,Top,18.471290200932128
D9,185512.0,ΔvirD3,2,Bottom,17.50115298624541
D10,207415.0,ΔvirD3,2,Bottom,17.662160706307766
D11,85771.0,ΔvirD3,2,Bottom,16.388202320650375
D12,172345.0,ΔvirD3,2,Bottom,17.394939918892845
E1,648236.0,ΔvirD3,3,Top,19.306159617862196
E2,515105.0,ΔvirD3,3,Top,18.974507018458787
E3,503969.0,ΔvirD3,3,Top,18.942975468237897
E4,630117.0,ΔvirD3,3,Top,19.26526020725234
E5,368666.0,ΔvirD3,3,Bottom,18.491954845321487
E6,400973.0,ΔvirD3,3,Bottom,18.613145568779
E7,276849.0,ΔvirD3,3,Bottom,18.078739785188464
E8,543070.0,ΔvirD3,3,Bottom,19.050778643265755
E9,444090.0,ΔvirD3,4,Top,18.760492559561158
E10,435007.0,ΔvirD3,4,Top,18.730679090993654
E11,536544.0,ΔvirD3,4,Top,19.03333696038395
E12,603021.0,ΔvirD3,4,Top,19.20184871879819
F1,299377.0,ΔvirD3,4,Bottom,18.191603863299637
F2,181413.0,ΔvirD3,4,Bottom,17.468918317092253
F3,384332.0,ΔvirD3,4,Bottom,18.55199357657087
F4,272333.0,ΔvirD3,4,Bottom,18.05501228624093
F5,459270.0,ΔvirD3,5,Top,18.808983022714216
F6,296743.0,ΔvirD3,5,Top,18.17885447234309
F7,395674.0,ΔvirD3,5,Top,18.593952742417525
F8,511588.0,ΔvirD3,5,Top,18.96462289865728
F9,159254.0,ΔvirD3,5,Bottom,17.280970083701373
F10,81100.0,ΔvirD3,5,Bottom,16.307414293991997
F11,52075.0,ΔvirD3,5,Bottom,15.668303313815372
F12,291560.0,ΔvirD3,5,Bottom,18.15343327997269
G1,609676.0,ΔvirD3,6,Top,19.21768322961198
G2,335673.0,ΔvirD3,6,Top,18.35669697235207
G3,305899.0,ΔvirD3,6,Top,18.22269586509429
G4,412898.0,ΔvirD3,6,Top,18.65542590482528
G5,308218.0,ΔvirD3,6,Bottom,18.233591592462247
G6,247294.0,ΔvirD3,6,Bottom,17.915867711029787
G7,257424.0,ΔvirD3,6,Bottom,17.973787038744756
G8,364272.0,ΔvirD3,6,Bottom,18.474656580103243
G9,527489.0,ΔvirD3,7,Top,19.00878148330703
G10,574293.0,ΔvirD3,7,Top,19.131427451402207
G11,725951.0,ΔvirD3,7,Top,19.469512647392378
G12,469383.0,ΔvirD3,7,Top,18.840406066063927
H1,517492.0,ΔvirD3,7,Bottom,18.981177034344352
H2,477733.0,ΔvirD3,7,Bottom,18.86584501063889
H3,502630.0,ΔvirD3,7,Bottom,18.93913725699555
H4,521679.0,ΔvirD3,7,Bottom,18.992802833802774
H5,502676.0,ΔvirD3,8,Top,18.939269284401988
H6,456152.0,ΔvirD3,8,Top,18.799155117041874
H7,523678.0,ΔvirD3,8,Top,18.998320472087197
H8,552625.0,ΔvirD3,8,Top,19.075941303616155
H9,127510.0,ΔvirD3,8,Bottom,16.96025086963605
H10,210741.0,ΔvirD3,8,Bottom,17.685111494535985
H11,194225.0,ΔvirD3,8,Bottom,17.567369386083133
H12,263426.0,ΔvirD3,8,Bottom,18.007038220258615
A1,847.0,ΔvirD4,1,Top,9.726218159332198
A2,690.0,ΔvirD4,1,Top,9.430452551665532
A3,579.0,ΔvirD4,1,Top,9.177419537989236
A4,830.0,ΔvirD4,1,Top,9.696967526234287
A5,759.0,ΔvirD4,1,Bottom,9.567956075415466
A6,617.0,ΔvirD4,1,Bottom,9.269126679149418
A7,652.0,ΔvirD4,1,Bottom,9.348728154231077
A8,721.0,ΔvirD4,1,Bottom,9.493855449240822
A9,649.0,ΔvirD4,2,Top,9.342074667999139
A10,636.0,ΔvirD4,2,Top,9.312882955284355
A11,746.0,ΔvirD4,2,Top,9.543031820255237
A12,849.0,ΔvirD4,2,Top,9.729620743553038
B1,737.0,ΔvirD4,2,Bottom,9.52552080909507
B2,701.0,ΔvirD4,2,Bottom,9.453270634010623
B3,634.0,ΔvirD4,2,Bottom,9.308339030139408
B4,700.0,ΔvirD4,2,Bottom,9.451211111832329
B5,641.0,ΔvirD4,3,Top,9.324180546618742
B6,662.0,ΔvirD4,3,Top,9.370687406807217
B7,657.0,ΔvirD4,3,Top,9.35974956032233
B8,769.0,ΔvirD4,3,Top,9.586839787961827
B9,741.0,ΔvirD4,3,Bottom,9.533329732305834
B10,703.0,ΔvirD4,3,Bottom,9.457380879072534
B11,717.0,ΔvirD4,3,Bottom,9.485829308701904
B12,758.0,ΔvirD4,3,Bottom,9.566054038171092
C1,743.0,ΔvirD4,4,Top,9.537218400538595
C2,877.0,ΔvirD4,4,Top,9.776433032444734
C3,643.0,ΔvirD4,4,Top,9.328674927327947
C4,701.0,ΔvirD4,4,Top,9.453270634010623
C5,627.0,ΔvirD4,4,Bottom,9.29232163280204
C6,859.0,ΔvirD4,4,Bottom,9.746514321138463
C7,734.0,ΔvirD4,4,Bottom,9.519636252843213
C8,702.0,ΔvirD4,4,Bottom,9.45532722030456
C9,566.0,ΔvirD4,5,Top,9.144658242831882
C10,687.0,ΔvirD4,5,Top,9.4241662888181
C11,737.0,ΔvirD4,5,Top,9.52552080909507
C12,752.0,ΔvirD4,5,Top,9.554588851677638
D1,793.0,ΔvirD4,5,Bottom,9.63117705570398
D2,749.0,ΔvirD4,5,Bottom,9.54882190845875
D3,709.0,ΔvirD4,5,Bottom,9.469641817239516
D4,750.0,ΔvirD4,5,Bottom,9.550746785383243
D5,780.0,ΔvirD4,6,Top,9.60733031374961
D6,715.0,ΔvirD4,6,Top,9.481799431665753
D7,674.0,ΔvirD4,6,Top,9.396604781181859
D8,611.0,ΔvirD4,6,Top,9.25502856981873
D9,656.0,ΔvirD4,6,Bottom,9.357552004618084
D10,848.0,ΔvirD4,6,Bottom,9.727920454563199
D11,842.0,ΔvirD4,6,Bottom,9.717676423066395
D12,774.0,ΔvirD4,6,Bottom,9.59618975614441
E1,732.0,ΔvirD4,7,Top,9.515699838284043
E2,699.0,ΔvirD4,7,Top,9.449148645375436
E3,849.0,ΔvirD4,7,Top,9.729620743553038
E4,935.0,ΔvirD4,7,Top,9.868822554774999
E5,627.0,ΔvirD4,7,Bottom,9.29232163280204
E6,681.0,ΔvirD4,7,Bottom,9.411510988012072
E7,777.0,ΔvirD4,7,Bottom,9.60177078840771
E8,623.0,ΔvirD4,7,Bottom,9.283088353024002
E9,744.0,ΔvirD4,8,Top,9.539158811108031
E10,823.0,ΔvirD4,8,Top,9.684748620421626
E11,749.0,ΔvirD4,8,Top,9.54882190845875
E12,836.0,ΔvirD4,8,Top,9.707359132080883
F1,755.0,ΔvirD4,8,Bottom,9.560332834212442
F2,769.0,ΔvirD4,8,Bottom,9.586839787961827
F3,768.0,ΔvirD4,8,Bottom,9.584962500721156
F4,714.0,ΔvirD4,8,Bottom,9.479780264029099
F5,155930.0,ΔvirD5,1,Top,17.250538995079765
F6,213696.0,ΔvirD5,1,Top,17.705200378063115
F7,238244.0,ΔvirD5,1,Top,17.862080355815497
F8,318025.0,ΔvirD5,1,Top,18.27878065490982
F9,39762.0,ΔvirD5,1,Bottom,15.279102704797587
F10,103738.0,ΔvirD5,1,Bottom,16.662584935313113
F11,125859.0,ΔvirD5,1,Bottom,16.941448859716903
F12,25624.0,ΔvirD5,1,Bottom,14.645208082774683
G1,149913.0,ΔvirD5,2,Top,17.193765969279077
G2,121066.0,ΔvirD5,2,Top,16.88543423196666
G3,123295.0,ΔvirD5,2,Top,16.911754769542796
G4,51153.0,ΔvirD5,2,Top,15.642531232583677
G5,90828.0,ΔvirD5,2,Bottom,16.470849492418612
G6,219516.0,ΔvirD5,2,Bottom,17.74396657264572
G7,56104.0,ΔvirD5,2,Bottom,15.775816012673026
G8,154860.0,ΔvirD5,2,Bottom,17.24060502170249
G9,181969.0,ΔvirD5,3,Top,17.47333317015983
G10,250984.0,ΔvirD5,3,Top,17.93723587105747
G11,179736.0,ΔvirD5,3,Top,17.45551987504757
G12,240461.0,ΔvirD5,3,Top,17.875443398913944
H1,135014.0,ΔvirD5,3,Bottom,17.042749486774806
H2,150578.0,ΔvirD5,3,Bottom,17.20015147678795
H3,131435.0,ΔvirD5,3,Bottom,17.00398997842836
H4,211336.0,ΔvirD5,3,Bottom,17.68917901831931
H5,160456.0,ΔvirD5,4,Top,17.291818212379383
H6,230818.0,ΔvirD5,4,Top,17.81639620924409
H7,194754.0,ΔvirD5,4,Top,17.571293434153286
H8,90038.0,ΔvirD5,4,Top,16.45824639033832
H9,386510.0,ΔvirD5,4,Bottom,18.560146215271995
H10,412744.0,ΔvirD5,4,Bottom,18.654887717478044
H11,135654.0,ΔvirD5,4,Bottom,17.04957206311875
H12,279140.0,ΔvirD5,4,Bottom,18.090629347915506
A1,251491.0,ΔvirD5,5,Top,17.94014724628592
A2,234653.0,ΔvirD5,5,Top,17.840169379539642
A3,256990.0,ΔvirD5,5,Top,17.971352696769987
A4,294870.0,ΔvirD5,5,Top,18.169719524870224
A5,227295.0,ΔvirD5,5,Bottom,17.794206422760876
A6,200349.0,ΔvirD5,5,Bottom,17.612155783313877
A7,230075.0,ΔvirD5,5,Bottom,17.811744702955373
A8,225934.0,ΔvirD5,5,Bottom,17.785541867524618
A9,304242.0,ΔvirD5,6,Top,18.214859802414214
A10,332883.0,ΔvirD5,6,Top,18.344655669811537
A11,87513.0,ΔvirD5,6,Top,16.417209723836567
A12,48976.0,ΔvirD5,6,Top,15.579787329526992
B1,65658.0,ΔvirD5,6,Bottom,16.00268318437921
B2,50919.0,ΔvirD5,6,Bottom,15.635916465929188
B3,51990.0,ΔvirD5,6,Bottom,15.665946534768688
B4,24520.0,ΔvirD5,6,Bottom,14.581671358578143
B5,144235.0,ΔvirD5,7,Top,17.138061765225466
B6,202985.0,ΔvirD5,7,Top,17.631013594826694
B7,199176.0,ΔvirD5,7,Top,17.603684292691334
B8,79629.0,ΔvirD5,7,Top,16.281006319574203
B9,104253.0,ΔvirD5,7,Bottom,16.66972937391346
B10,178288.0,ΔvirD5,7,Bottom,17.443850077438434
B11,205622.0,ΔvirD5,7,Bottom,17.64963510469286
B12,169775.0,ΔvirD5,7,Bottom,17.373264506758744
C1,258339.0,ΔvirD5,8,Top,17.978905929969248
C2,177685.0,ΔvirD5,8,Top,17.438962369990122
C3,265592.0,ΔvirD5,8,Top,18.01885216579729
C4,139012.0,ΔvirD5,8,Top,17.08484990122184
C5,235659.0,ΔvirD5,8,Bottom,17.84634125448486
C6,137295.0,ΔvirD5,8,Bottom,17.06691956090833
C7,188284.0,ΔvirD5,8,Bottom,17.522550882241287
C8,216921.0,ΔvirD5,8,Bottom,17.726810200703397
C9,1811.0,ΔvirE12,1,Top,10.822570830950168
C10,1745.0,ΔvirE12,1,Top,10.769011321097015
C11,1664.0,ΔvirE12,1,Top,10.700439718141093
C12,1562.0,ΔvirE12,1,Top,10.60917873814198
D1,2065.0,ΔvirE12,1,Bottom,11.011926066306808
D2,2275.0,ΔvirE12,1,Bottom,11.151650829973422
D3,1750.0,ΔvirE12,1,Bottom,10.77313920671969
D4,2134.0,ΔvirE12,1,Bottom,11.059344460824425
D5,1757.0,ΔvirE12,2,Top,10.778898476008376
D6,2153.0,ΔvirE12,2,Top,11.072132604167233
D7,1821.0,ΔvirE12,2,Top,10.830515206976838
D8,1841.0,ΔvirE12,2,Top,10.846273911349906
D9,1595.0,ΔvirE12,2,Bottom,10.639340708652231
D10,1849.0,ΔvirE12,2,Bottom,10.852529509404196
D11,1348.0,ΔvirE12,2,Bottom,10.396604781181859
D12,1336.0,ΔvirE12,2,Bottom,10.383704292474052
E1,2309.0,ΔvirE12,3,Top,11.173052457774116
E2,2093.0,ΔvirE12,3,Top,11.031356596255709
E3,2285.0,ΔvirE12,3,Top,11.157978449945432
E4,2064.0,ΔvirE12,3,Top,11.011227255423254
E5,2014.0,ΔvirE12,3,Bottom,10.975847968006784
E6,1774.0,ΔvirE12,3,Bottom,10.792790294301064
E7,1480.0,ΔvirE12,3,Bottom,10.531381460516313
E8,1925.0,ΔvirE12,3,Bottom,10.910642730469625
E9,2149.0,ΔvirE12,4,Top,11.069449767427784
E10,2476.0,ΔvirE12,4,Top,11.273795599214264
E11,2042.0,ΔvirE12,4,Top,10.995767150877802
E12,2200.0,ΔvirE12,4,Top,11.103287808412022
F1,2246.0,ΔvirE12,4,Bottom,11.133142212400601
F2,2100.0,ΔvirE12,4,Bottom,11.036173612553485
F3,2208.0,ΔvirE12,4,Bottom,11.108524456778168
F4,2305.0,ΔvirE12,4,Bottom,11.1705510353167
F5,1899.0,ΔvirE12,5,Top,10.891024190149498
F6,1976.0,ΔvirE12,5,Top,10.948367231584678
F7,2567.0,ΔvirE12,5,Top,11.325867580575418
F8,2757.0,ΔvirE12,5,Top,11.428883552010191
F9,989.0,ΔvirE12,5,Bottom,9.94982671075911
F10,1913.0,ΔvirE12,5,Bottom,10.901621158346112
F11,1450.0,ΔvirE12,5,Bottom,10.501837184902296
F12,1305.0,ΔvirE12,5,Bottom,10.349834091457247
G1,1855.0,ΔvirE12,6,Top,10.857203471508166
G2,1872.0,ΔvirE12,6,Top,10.870364719583405
G3,2213.0,ΔvirE12,6,Top,11.11178773580101
G4,1842.0,ΔvirE12,6,Top,10.847057346091336
G5,1300.0,ΔvirE12,6,Bottom,10.344295907915816
G6,1329.0,ΔvirE12,6,Bottom,10.376125389276174
G7,2177.0,ΔvirE12,6,Bottom,11.088125692188207
G8,1780.0,ΔvirE12,6,Bottom,10.79766152585376
G9,2457.0,ΔvirE12,7,Top,11.262682142362165
G10,2018.0,ΔvirE12,7,Top,10.978710459106358
G11,2084.0,ΔvirE12,7,Top,11.025139562278508
G12,2319.0,ΔvirE12,7,Top,11.179287104646004
H1,1485.0,ΔvirE12,7,Bottom,10.536247215688128
H2,1299.0,ΔvirE12,7,Bottom,10.34318571544788
H3,1496.0,ΔvirE12,7,Bottom,10.546894459887637
H4,1069.0,ΔvirE12,7,Bottom,10.06204613772049
H5,1366.0,ΔvirE12,8,Top,10.41574176829009
H6,3094.0,ΔvirE12,8,Top,11.595257481449035
H7,2474.0,ΔvirE12,8,Top,11.27262978497637
H8,2719.0,ΔvirE12,8,Top,11.40886043602476
H9,941.0,ΔvirE12,8,Bottom,9.878050912728536
H10,2114.0,ΔvirE12,8,Bottom,11.045759661382682
H11,2292.0,ΔvirE12,8,Bottom,11.162391328756906
H12,3386.0,ΔvirE12,8,Bottom,11.725366257895642
A1,363417.0,ΔvirE3,1,Top,18.47126638229186
A2,352709.0,ΔvirE3,1,Top,18.42811886361098
A3,294046.0,ΔvirE3,1,Top,18.16568233963683
A4,251351.0,ΔvirE3,1,Top,17.939343903243998
A5,362302.0,ΔvirE3,1,Bottom,18.46683324429679
A6,186630.0,ΔvirE3,1,Bottom,17.509821386523758
A7,205210.0,ΔvirE3,1,Bottom,17.646741510444578
A8,225850.0,ΔvirE3,1,Bottom,17.78500538821224
A9,350186.0,ΔvirE3,2,Top,18.417761882210833
A10,386860.0,ΔvirE3,2,Top,18.56145204119952
A11,387580.0,ΔvirE3,2,Top,18.564134600800568
A12,442930.0,ΔvirE3,2,Top,18.756719189848052
B1,397760.0,ΔvirE3,2,Bottom,18.601538675939846
B2,298987.0,ΔvirE3,2,Bottom,18.189723231625205
B3,284310.0,ΔvirE3,2,Bottom,18.117105318076547
B4,424317.0,ΔvirE3,2,Bottom,18.69478295491411
B5,292508.0,ΔvirE3,3,Top,18.15811655691917
B6,283078.0,ΔvirE3,3,Top,18.110840105968673
B7,408391.0,ΔvirE3,3,Top,18.63959154731649
B8,492989.0,ΔvirE3,3,Top,18.911195930730674
B9,288993.0,ΔvirE3,3,Bottom,18.14067502256902
B10,342184.0,ΔvirE3,3,Bottom,18.38441277762968
B11,302038.0,ΔvirE3,3,Bottom,18.204370543731375
B12,316135.0,ΔvirE3,3,Bottom,18.27018124245733
C1,489155.0,ΔvirE3,4,Top,18.899932163128405
C2,424758.0,ΔvirE3,4,Top,18.696281594186832
C3,462017.0,ΔvirE3,4,Top,18.817586411282633
C4,464900.0,ΔvirE3,4,Top,18.82656090029369
C5,217984.0,ΔvirE3,4,Bottom,17.73386271967854
C6,217896.0,ΔvirE3,4,Bottom,17.73328018703046
C7,236427.0,ΔvirE3,4,Bottom,17.85103527535756
C8,298826.0,ΔvirE3,4,Bottom,18.188946152815614
C9,390660.0,ΔvirE3,5,Top,18.575554018783816
C10,414672.0,ΔvirE3,5,Top,18.661611109515434
C11,338069.0,ΔvirE3,5,Top,18.366958205555065
C12,441457.0,ΔvirE3,5,Top,18.75191339383274
D1,296788.0,ΔvirE3,5,Bottom,18.17907323522814
D2,406123.0,ΔvirE3,5,Bottom,18.631557208289358
D3,324221.0,ΔvirE3,5,Bottom,18.306618012592306
D4,464246.0,ΔvirE3,5,Bottom,18.82452995421512
D5,172123.0,ΔvirE3,6,Top,17.39308036535859
D6,322919.0,ΔvirE3,6,Top,18.300812803587363
D7,373338.0,ΔvirE3,6,Top,18.5101228344612
D8,477521.0,ΔvirE3,6,Top,18.86520465455833
D9,202198.0,ΔvirE3,6,Bottom,17.625409201626542
D10,209409.0,ΔvirE3,6,Bottom,17.675963922323223
D11,297333.0,ΔvirE3,6,Bottom,18.181720066489206
D12,211938.0,ΔvirE3,6,Bottom,17.69328275726956
E1,451883.0,ΔvirE3,7,Top,18.785589757763443
E2,246576.0,ΔvirE3,7,Top,17.911672859068116
E3,205202.0,ΔvirE3,7,Top,17.646685266668428
E4,464526.0,ΔvirE3,7,Top,18.82539982243614
E5,193944.0,ΔvirE3,7,Bottom,17.565280618678702
E6,291750.0,ΔvirE3,7,Bottom,18.154373130369436
E7,154154.0,ΔvirE3,7,Bottom,17.234012799530895
E8,323944.0,ΔvirE3,7,Bottom,18.30538491129663
E9,115342.0,ΔvirE3,8,Top,16.815558418114637
E10,141687.0,ΔvirE3,8,Top,17.112347869277734
E11,190731.0,ΔvirE3,8,Top,17.54117982208095
E12,116576.0,ΔvirE3,8,Top,16.830911279742782
F1,225772.0,ΔvirE3,8,Bottom,17.784507050158258
F2,231706.0,ΔvirE3,8,Bottom,17.821935877544032
F3,167757.0,ΔvirE3,8,Bottom,17.356013441485732
F4,224378.0,ΔvirE3,8,Bottom,17.775571702759414
F5,473062.0,ΔvirF,1,Top,18.851669751512613
F6,286251.0,ΔvirF,1,Top,18.126921207620267
F7,372531.0,ΔvirF,1,Top,18.507000958227426
F8,276850.0,ΔvirF,1,Top,18.078744996305122
F9,359681.0,ΔvirF,1,Bottom,18.456358426154317
F10,339051.0,ΔvirF,1,Bottom,18.371142774090625
F11,498494.0,ΔvirF,1,Bottom,18.92721661452199
F12,306531.0,ΔvirF,1,Bottom,18.22567345792777
G1,549815.0,ΔvirF,2,Top,19.06858674129207
G2,617266.0,ΔvirF,2,Top,19.23553280203247
G3,550870.0,ΔvirF,2,Top,19.071352371302915
G4,734577.0,ΔvirF,2,Top,19.486554199657746
G5,561800.0,ΔvirF,2,Bottom,19.099697098901125
G6,618994.0,ΔvirF,2,Bottom,19.239565899688632
G7,402837.0,ΔvirF,2,Bottom,18.619836673335165
G8,537344.0,ΔvirF,2,Bottom,19.035486451292154
G9,507562.0,ΔvirF,3,Top,18.953224536398107
G10,494870.0,ΔvirF,3,Top,18.916690060260468
G11,446155.0,ΔvirF,3,Top,18.767185482526333
G12,527399.0,ΔvirF,3,Top,19.008535310151213
H1,450310.0,ΔvirF,3,Bottom,18.780558990291606
H2,560225.0,ΔvirF,3,Bottom,19.095646839447337
H3,511361.0,ΔvirF,3,Bottom,18.963982609102946
H4,482541.0,ΔvirF,3,Bottom,18.88029200331222
H5,473768.0,ΔvirF,4,Top,18.853821231477617
H6,619954.0,ΔvirF,4,Top,19.241801647301013
H7,271515.0,ΔvirF,4,Top,18.05067237717302
H8,489914.0,ΔvirF,4,Top,18.902168993740737
H9,322699.0,ΔvirF,4,Bottom,18.29982958155427
H10,169993.0,ΔvirF,4,Bottom,17.37511581448679
H11,219685.0,ΔvirF,4,Bottom,17.74507684094631
H12,171817.0,ΔvirF,4,Bottom,17.390513261799875
A1,471605.0,ΔvirF,5,Top,18.847219488422354
A2,532193.0,ΔvirF,5,Top,19.021590008976386
A3,397677.0,ΔvirF,5,Top,18.601237599452762
A4,593633.0,ΔvirF,5,Top,19.17921176789997
A5,346175.0,ΔvirF,5,Bottom,18.401142014628526
A6,347534.0,ΔvirF,5,Bottom,18.40679460114173
A7,249853.0,ΔvirF,5,Bottom,17.930720015140746
A8,330769.0,ΔvirF,5,Bottom,18.335464504466042
A9,435961.0,ΔvirF,6,Top,18.733839555257386
A10,717255.0,ΔvirF,6,Top,19.4521265945239
A11,504583.0,ΔvirF,6,Top,18.944732075462
A12,650625.0,ΔvirF,6,Top,19.311466732848867
B1,289144.0,ΔvirF,6,Bottom,18.141428639639464
B2,199147.0,ΔvirF,6,Bottom,17.603474221185248
B3,283597.0,ΔvirF,6,Bottom,18.113482745702484
B4,293147.0,ΔvirF,6,Bottom,18.161264767032467
B5,350886.0,ΔvirF,7,Top,18.420642861237873
B6,530462.0,ΔvirF,7,Top,19.016889880854652
B7,286192.0,ΔvirF,7,Top,18.126623819032357
B8,676445.0,ΔvirF,7,Top,19.36761311159064
B9,372180.0,ΔvirF,7,Bottom,18.505641005180273
B10,419144.0,ΔvirF,7,Bottom,18.67708645200132
B11,213825.0,ΔvirF,7,Bottom,17.706071014433835
B12,264946.0,ΔvirF,7,Bottom,18.01533882101517
C1,331137.0,ΔvirF,8,Top,18.337068695483346
C2,308763.0,ΔvirF,8,Top,18.236140354909672
C3,331487.0,ΔvirF,8,Top,18.338592767389194
C4,371422.0,ΔvirF,8,Top,18.502699745689934
C5,369687.0,ΔvirF,8,Bottom,18.49594478665202
C6,261221.0,ΔvirF,8,Bottom,17.9949113566888
C7,166130.0,ΔvirF,8,Bottom,17.34195309525746
C8,329915.0,ΔvirF,8,Bottom,18.33173484777358
C9,335210.0,ΔvirH1,1,Top,18.354705662660276
C10,97498.0,ΔvirH1,1,Top,16.57308500436374
C11,211991.0,ΔvirH1,1,Top,17.693643491437623
C12,361692.0,ΔvirH1,1,Top,18.464402162870183
D1,82476.0,ΔvirH1,1,Bottom,16.33168674474699
D2,43199.0,ΔvirH1,1,Bottom,15.398710295833123
D3,63794.0,ΔvirH1,1,Bottom,15.961133120509801
D4,268285.0,ΔvirH1,1,Bottom,18.033406869212033
D5,138467.0,ΔvirH1,2,Top,17.079182662920132
D6,254542.0,ΔvirH1,2,Top,17.957544198291558
D7,368442.0,ΔvirH1,2,Top,18.491078003124397
D8,163965.0,ΔvirH1,2,Top,17.323028364186804
D9,136712.0,ΔvirH1,2,Bottom,17.060780356595608
D10,63518.0,ΔvirH1,2,Bottom,15.95487786640835
D11,48659.0,ΔvirH1,2,Bottom,15.570419051041053
D12,24754.0,ΔvirH1,2,Bottom,14.595374048737176
E1,286090.0,ΔvirH1,3,Top,18.126109544965626
E2,316967.0,ΔvirH1,3,Top,18.27397312106462
E3,343963.0,ΔvirH1,3,Top,18.39189385742398
E4,161896.0,ΔvirH1,3,Top,17.304707815534652
E5,76716.0,ΔvirH1,3,Bottom,16.227239879225017
E6,182448.0,ΔvirH1,3,Bottom,17.47712581058312
E7,179686.0,ΔvirH1,3,Bottom,17.45511848196362
E8,114585.0,ΔvirH1,3,Bottom,16.806058671742843
E9,148098.0,ΔvirH1,4,Top,17.176192632217084
E10,145736.0,ΔvirH1,4,Top,17.15299777329531
E11,187588.0,ΔvirH1,4,Top,17.51720801607361
E12,64770.0,ΔvirH1,4,Top,15.983038123631024
F1,211890.0,ΔvirH1,4,Bottom,17.69295597677248
F2,147201.0,ΔvirH1,4,Bottom,17.167427946715843
F3,220962.0,ΔvirH1,4,Bottom,17.75343875751355
F4,100503.0,ΔvirH1,4,Bottom,16.61687904072187
F5,269221.0,ΔvirH1,5,Top,18.038431423070843
F6,240418.0,ΔvirH1,5,Top,17.87518538853327
F7,438384.0,ΔvirH1,5,Top,18.741835618670724
F8,145529.0,ΔvirH1,5,Top,17.15094714638344
F9,12114.0,ΔvirH1,5,Bottom,13.564387696052629
F10,77121.0,ΔvirH1,5,Bottom,16.23483613814128
F11,99395.0,ΔvirH1,5,Bottom,16.600885659338662
F12,93454.0,ΔvirH1,5,Bottom,16.511968794795024
G1,71845.0,ΔvirH1,6,Top,16.13260013642403
G2,170006.0,ΔvirH1,6,Top,17.37522613854975
G3,192279.0,ΔvirH1,6,Top,17.55284167991109
G4,92539.0,ΔvirH1,6,Top,16.497773888406883
G5,125140.0,ΔvirH1,6,Bottom,16.9331834835867
G6,361435.0,ΔvirH1,6,Bottom,18.463376692541683
G7,236169.0,ΔvirH1,6,Bottom,17.849460080656264
G8,210573.0,ΔvirH1,6,Bottom,17.683960938040283
G9,105281.0,ΔvirH1,7,Top,16.683885571967867
G10,124920.0,ΔvirH1,7,Top,16.930644948907936
G11,86539.0,ΔvirH1,7,Top,16.40106282936661
G12,112515.0,ΔvirH1,7,Top,16.779757822395094
H1,220962.0,ΔvirH1,7,Bottom,17.75343875751355
H2,223518.0,ΔvirH1,7,Bottom,17.77003149137149
H3,131043.0,ΔvirH1,7,Bottom,16.99968076488292
H4,143261.0,ΔvirH1,7,Bottom,17.128286392031036
H5,115896.0,ΔvirH1,8,Top,16.822471248893812
H6,194747.0,ΔvirH1,8,Top,17.57124157875221
H7,270876.0,ΔvirH1,8,Top,18.047273048800534
H8,96312.0,ΔvirH1,8,Top,16.55542794150115
H9,131218.0,ΔvirH1,8,Bottom,17.001606111538557
H10,123300.0,ΔvirH1,8,Bottom,16.911813274177565
H11,227396.0,ΔvirH1,8,Bottom,17.794847351222298
H12,173706.0,ΔvirH1,8,Bottom,17.406288061650038
A1,349713.0,ΔvirH2,1,Top,18.4158119012615
A2,202005.0,ΔvirH2,1,Top,17.624031477245218
A3,349331.0,ΔvirH2,1,Top,18.414235149124362
A4,428540.0,ΔvirH2,1,Top,18.709070346471957
A5,208580.0,ΔvirH2,1,Bottom,17.670241303990927
A6,287896.0,ΔvirH2,1,Bottom,18.13518821880793
A7,258304.0,ΔvirH2,1,Bottom,17.978710459106356
A8,181906.0,ΔvirH2,1,Bottom,17.472833604163352
A9,383393.0,ΔvirH2,2,Top,18.54846447091737
A10,438899.0,ΔvirH2,2,Top,18.743529457560584
A11,354272.0,ΔvirH2,2,Top,18.43449792053815
A12,418957.0,ΔvirH2,2,Top,18.67644265375475
B1,167894.0,ΔvirH2,2,Bottom,17.357191148279856
B2,168111.0,ΔvirH2,2,Bottom,17.359054601903452
B3,137705.0,ΔvirH2,2,Bottom,17.071221418399478
B4,71808.0,ΔvirH2,2,Bottom,16.131856960608793
B5,552626.0,ΔvirH2,3,Top,19.075943914235896
B6,123958.0,ΔvirH2,3,Top,16.919491857502308
B7,459672.0,ΔvirH2,3,Top,18.81024526438656
B8,109847.0,ΔvirH2,3,Top,16.745135943704387
B9,405162.0,ΔvirH2,3,Bottom,18.628139345065595
B10,374670.0,ΔvirH2,3,Bottom,18.515260939469893
B11,335758.0,ΔvirH2,3,Bottom,18.357062249138902
B12,391262.0,ΔvirH2,3,Bottom,18.577775474597093
C1,312453.0,ΔvirH2,4,Top,18.253279666558754
C2,399473.0,ΔvirH2,4,Top,18.60773847050004
C3,438463.0,ΔvirH2,4,Top,18.742095579435915
C4,414118.0,ΔvirH2,4,Top,18.65968238650552
C5,278128.0,ΔvirH2,4,Bottom,18.085389466973655
C6,271701.0,ΔvirH2,4,Bottom,18.0516603498693
C7,234640.0,ΔvirH2,4,Bottom,17.840089450644317
C8,313141.0,ΔvirH2,4,Bottom,18.25645288941029
C9,232367.0,ΔvirH2,5,Top,17.82604567090377
C10,245322.0,ΔvirH2,5,Top,17.90431709222021
C11,208027.0,ΔvirH2,5,Top,17.66641126356346
C12,194774.0,ΔvirH2,5,Top,17.57144158217265
D1,317842.0,ΔvirH2,5,Bottom,18.277950251068223
D2,95631.0,ΔvirH2,5,Bottom,16.545190741444095
D3,198326.0,ΔvirH2,5,Bottom,17.597514297803983
D4,119333.0,ΔvirH2,5,Bottom,16.864633531325143
D5,331856.0,ΔvirH2,6,Top,18.340197833018888
D6,341742.0,ΔvirH2,6,Top,18.38254803993335
D7,259308.0,ΔvirH2,6,Top,17.984307190393885
D8,315806.0,ΔvirH2,6,Top,18.268679055666677
D9,58210.0,ΔvirH2,6,Bottom,15.828979397135278
D10,343921.0,ΔvirH2,6,Bottom,18.391717684721048
D11,184871.0,ΔvirH2,6,Bottom,17.496159406926303
D12,478152.0,ΔvirH2,6,Bottom,18.867109784666827
E1,469909.0,ΔvirH2,7,Top,18.842021873865615
E2,422939.0,ΔvirH2,7,Top,18.690090074558455
E3,347471.0,ΔvirH2,7,Top,18.406533049677137
E4,291104.0,ΔvirH2,7,Top,18.151175137808572
E5,64183.0,ΔvirH2,7,Bottom,15.969903604257528
E6,189803.0,ΔvirH2,7,Bottom,17.534143270014578
E7,93404.0,ΔvirH2,7,Bottom,16.511196713816247
E8,257173.0,ΔvirH2,7,Bottom,17.972379659828906
E9,390129.0,ΔvirH2,8,Top,18.57359171863661
E10,622127.0,ΔvirH2,8,Top,19.246849594290392
E11,388538.0,ΔvirH2,8,Top,18.56769617919742
E12,357998.0,ΔvirH2,8,Top,18.449592002154997
F1,317134.0,ΔvirH2,8,Bottom,18.27473303179619
F2,322968.0,ΔvirH2,8,Bottom,18.301031702735788
F3,314625.0,ΔvirH2,8,Bottom,18.263273785823067
F4,273529.0,ΔvirH2,8,Bottom,18.061334272493884
F5,380332.0,ΔvirK,1,Top,18.53689980256942
F6,375235.0,ΔvirK,1,Top,18.51743487577473
F7,531918.0,ΔvirK,1,Top,19.0208443327357
F8,401243.0,ΔvirK,1,Top,18.614116697940595
F9,397646.0,ΔvirK,1,Bottom,18.601125133080508
F10,287123.0,ΔvirK,1,Bottom,18.131309376757883
F11,302015.0,ΔvirK,1,Bottom,18.20426067924612
F12,355664.0,ΔvirK,1,Bottom,18.440155427892257
G1,470101.0,ΔvirK,2,Top,18.842611223876155
G2,305031.0,ΔvirK,2,Top,18.218596344238847
G3,570796.0,ΔvirK,2,Top,19.122615699228792
G4,292235.0,ΔvirK,2,Top,18.156769449643736
G5,379839.0,ΔvirK,2,Bottom,18.535028516359144
G6,345028.0,ΔvirK,2,Bottom,18.39635391986964
G7,361897.0,ΔvirK,2,Bottom,18.465219622757758
G8,323665.0,ΔvirK,2,Bottom,18.304141840427295
G9,203932.0,ΔvirK,3,Top,17.63772864811908
G10,244204.0,ΔvirK,3,Top,17.89772730593699
G11,307289.0,ΔvirK,3,Top,18.229236598251877
G12,401015.0,ΔvirK,3,Top,18.61329667625635
H1,286191.0,ΔvirK,3,Bottom,18.126618778019466
H2,216239.0,ΔvirK,3,Bottom,17.722267219675956
H3,225753.0,ΔvirK,3,Bottom,17.78438563404268
H4,128383.0,ΔvirK,3,Bottom,16.970094653225438
H5,323482.0,ΔvirK,4,Top,18.30332591081773
H6,343313.0,ΔvirK,4,Top,18.38916496231874
H7,277341.0,ΔvirK,4,Top,18.081301383725418
H8,326446.0,ΔvirK,4,Top,18.316484838412695
H9,348392.0,ΔvirK,4,Bottom,18.410351970667396
H10,397588.0,ΔvirK,4,Bottom,18.600914688576072
H11,213924.0,ΔvirK,4,Bottom,17.70673882107557
H12,318991.0,ΔvirK,4,Bottom,18.28315619485788
A1,414565.0,ΔvirK,5,Top,18.661238795279015
A2,418611.0,ΔvirK,5,Top,18.675250696773247
A3,438834.0,ΔvirK,5,Top,18.743315781698268
A4,291976.0,ΔvirK,5,Top,18.15549026099419
A5,372034.0,ΔvirK,5,Bottom,18.50507494896883
A6,431427.0,ΔvirK,5,Bottom,18.718756941957867
A7,412636.0,ΔvirK,5,Bottom,18.65451016758513
A8,313362.0,ΔvirK,5,Bottom,18.257470715716824
A9,333843.0,ΔvirK,6,Top,18.34881026464176
A10,382832.0,ΔvirK,6,Top,18.546351900686542
A11,437107.0,ΔvirK,6,Top,18.737626956619927
A12,344304.0,ΔvirK,6,Top,18.39332341615394
B1,190258.0,ΔvirK,6,Bottom,17.537597592121863
B2,342844.0,ΔvirK,6,Bottom,18.387192748730456
B3,247884.0,ΔvirK,6,Bottom,17.91930562821077
B4,257861.0,ΔvirK,6,Bottom,17.976234064697447
B5,226760.0,ΔvirK,7,Top,17.790806648706788
B6,221175.0,ΔvirK,7,Top,17.754828797557618
B7,314177.0,ΔvirK,7,Top,18.261218043355075
B8,237822.0,ΔvirK,7,Top,17.859522653872
B9,274208.0,ΔvirK,7,Bottom,18.064911136698967
B10,345248.0,ΔvirK,7,Bottom,18.3972735315025
B11,277785.0,ΔvirK,7,Bottom,18.083609172352666
B12,244846.0,ΔvirK,7,Bottom,17.901515101656447
C1,377155.0,ΔvirK,8,Top,18.524798026511046
C2,234952.0,ΔvirK,8,Top,17.84200652299219
C3,207238.0,ΔvirK,8,Top,17.660929040130277
C4,620608.0,ΔvirK,8,Top,19.243322768605953
C5,98896.0,ΔvirK,8,Bottom,16.59362454970607
C6,387066.0,ΔvirK,8,Bottom,18.562220060843366
C7,317282.0,ΔvirK,8,Bottom,18.275406151231778
C8,230277.0,ΔvirK,8,Bottom,17.813010796800793
